,_step,learner:resources,_runtime,_timestamp,slice0:packet-drop,slice1:queue-size,slice1:incoming-traffic,slice1:urgent-packet-count,learner:greedySelectionEPS,slice0:incoming-traffic,slice1:packet-dead,slice1:packet-drop,slice0:urgent-packet-count,slice0:queue-size,slice1:resources,learner:forwarded-experiences,slice0:resources,slice0:packet-dead,learner:queue-size
0,14961,0,89.55749750137329,1667809102.0975595,,,,,,,,,,,,,,,
1,19391,0,115.4771819114685,1667809128.0172439,,,,,,,,,,,,,,,
2,19459,0,115.8062527179718,1667809128.3463147,,,,,,,,,,,,,,,
3,22464,15,132.53204131126404,1667809145.0721033,,,,,,,,,,,,,,,
4,25467,0,149.90435528755188,1667809162.4444172,,,,,,,,,,,,,,,
5,27882,0,164.94242119789124,1667809177.4824831,,,,,,,,,,,,,,,
6,31196,0,184.78213119506836,1667809197.3221931,,,,,,,,,,,,,,,
7,32130,0,190.66152381896973,1667809203.2015858,0.0,0.33266666666666667,8.0,0.0,0.17452800000000002,8.0,0.0,0.0,0.0,0.464,0.8,25580.0,0.2,0.0,115.0
8,32346,0,192.2725932598114,1667809204.8126552,,,,,,,,,,,,,,,
9,39690,15,238.594642162323,1667809251.134704,0.0,0.16466666666666666,11.0,0.0,0.16895600000000002,6.0,0.0,0.0,0.0,0.9986666666666667,0.0,31679.0,0.0,0.0,94.0
10,45797,0,275.4958481788635,1667809288.0359101,,,,,,,,,,,,,,,
11,46304,0,278.48381447792053,1667809291.0238764,,,,,,,,,,,,,,,
12,46462,0,279.3422849178314,1667809291.8823469,,,,,,,,,,,,,,,
13,52293,0,313.52192544937134,1667809326.0619874,,,,,,,,,,,,,,,
14,55649,0,332.9380397796631,1667809345.4781017,,,,,,,,,,,,,,,
15,55949,0,334.7240877151489,1667809347.2641497,,,,,,,,,,,,,,,
16,56075,0,335.3389735221863,1667809347.8790355,,,,,,,,,,,,,,,
17,65646,6,389.17428731918335,1667809401.7143493,,,,,,,,,,,,,,,
18,69339,0,409.5800726413727,1667809422.1201346,,,,,,,,,,,,,,,
19,75429,0,442.1073143482208,1667809454.6473763,,,,,,,,,,,,,,,
20,78665,0,459.5389335155487,1667809472.0789955,,,,,,,,,,,,,,,
21,79300,0,462.90077471733093,1667809475.4408367,4.0,0.0,7.0,0.0,0.13711600000000002,8.0,0.0,0.0,0.0,0.9966666666666667,0.7333333333333333,59186.0,0.26666666666666666,0.0,292.0
22,91932,0,524.781984090805,1667809537.322046,,,,,,,,,,,,,,,
23,96618,15,545.4906010627747,1667809558.030663,,,,,,,,,,,,,,,
24,105387,0,588.2313163280487,1667809600.7713783,,,,,,,,,,,,,,,
25,107537,0,597.708080291748,1667809610.2481422,,,,,,,,,,,,,,,
26,117014,0,640.4153728485107,1667809652.9554348,,,,,,,,,,,,,,,
27,123263,0,664.7017018795013,1667809677.2417638,,,,,,,,,,,,,,,
28,123342,0,664.9630334377289,1667809677.5030954,,,,,,,,,,,,,,,
29,124472,0,670.3906571865082,1667809682.9307191,,,,,,,,,,,,,,,
30,129182,0,691.1004152297974,1667809703.6404772,,,,,,,,,,,,,,,
31,130594,9,698.0189399719238,1667809710.559002,,,,,,,,,,,,,,,
32,132805,0,709.1082212924957,1667809721.6482832,,,,,,,,,,,,,,,
33,138513,0,733.2786998748779,1667809745.8187618,,,,,,,,,,,,,,,
34,140959,0,744.9322288036346,1667809757.4722908,,,,,,,,,,,,,,,
35,141167,0,745.9088292121887,1667809758.4488912,,,,,,,,,,,,,,,
36,141483,0,747.1264386177063,1667809759.6665006,,,,,,,,,,,,,,,
37,146626,0,769.4953887462616,1667809782.0354507,,,,,,,,,,,,,,,
38,160349,0,829.3326172828674,1667809841.8726792,,,,,,,,,,,,,,,
39,161965,0,836.5313582420349,1667809849.0714202,,,,,,,,,,,,,,,
40,162882,0,840.6315476894379,1667809853.1716096,,,,,,,,,,,,,,,
41,166591,0,856.0407221317291,1667809868.580784,,,,,,,,,,,,,,,
42,170625,0,871.3734219074249,1667809883.9134839,,,,,,,,,,,,,,,
43,179099,0,904.5880527496338,1667809917.1281147,,,,,,,,,,,,,,,
44,181066,0,912.8053634166718,1667809925.3454254,,,,,,,,,,,,,,,
45,182518,0,918.8660635948181,1667809931.4061255,,,,,,,,,,,,,,,
46,183828,0,924.1691753864288,1667809936.7092373,,,,,,,,,,,,,,,
47,189664,0,945.8143308162689,1667809958.3543928,,,,,,,,,,,,,,,
48,191625,0,952.8319237232208,1667809965.3719857,,,,,,,,,,,,,,,
49,193250,0,959.1901149749756,1667809971.730177,0.0,0.38,10.0,4.0,0.046372000000000024,8.0,0.0,0.0,0.0,0.4706666666666667,0.4666666666666667,102011.0,0.5333333333333333,0.0,1217.0
50,194823,0,964.3988163471222,1667809976.9388783,,,,,,,,,,,,,,,
51,203671,0,994.0853304862976,1667810006.6253924,,,,,,,,,,,,,,,
52,210273,0,1014.0610635280609,1667810026.6011255,,,,,,,,,,,,,,,
53,211967,0,1018.7038300037384,1667810031.243892,,,,,,,,,,,,,,,
54,215143,0,1027.7047753334045,1667810040.2448373,,,,,,,,,,,,,,,
55,218855,0,1036.8027153015137,1667810049.3427773,,,,,,,,,,,,,,,
56,218869,0,1036.8476688861847,1667810049.3877308,,,,,,,,,,,,,,,
57,221853,0,1042.0389378070831,1667810054.5789998,,,,,,,,,,,,,,,
58,231028,0,1054.133327960968,1667810066.67339,,,,,,,,,,,,,,,
59,233275,0,1057.324543952942,1667810069.864606,,,,,,,,,,,,,,,
60,233902,0,1058.1770663261414,1667810070.7171283,,,,,,,,,,,,,,,
61,240767,0,1068.2341589927673,1667810080.774221,,,,,,,,,,,,,,,
62,246669,0,1077.2791495323181,1667810089.8192115,,,,,,,,,,,,,,,
63,248507,0,1080.607652425766,1667810093.1477144,,,,,,,,,,,,,,,
64,250731,0,1084.124376296997,1667810096.6644382,,,,,,,,,,,,,,,
65,252226,0,1086.3407695293427,1667810098.8808315,,,,,,,,,,,,,,,
66,267544,0,1109.9163401126862,1667810122.456402,,,,,,,,,,,,,,,
67,275273,0,1121.657993555069,1667810134.1980555,,,,,,,,,,,,,,,
68,287378,0,1140.1125268936157,1667810152.6525888,,,,,,,,,,,,,,,
69,291764,0,1147.086054801941,1667810159.6261168,,,,,,,,,,,,,,,
70,294913,0,1152.100920677185,1667810164.6409826,,,,,,,,,,,,,,,
71,297263,0,1155.6703016757965,1667810168.2103636,,,,,,,,,,,,,,,
72,298452,0,1157.493115901947,1667810170.0331779,,,,,,,,,,,,,,,
73,300058,0,1159.9448137283325,1667810172.4848757,,,,,,,,,,,,,,,
74,306648,0,1169.7389822006226,1667810182.2790442,,,,,,,,,,,,,,,
75,308109,0,1171.8904747962952,1667810184.4305367,,,,,,,,,,,,,,,
76,312352,0,1178.0261998176575,1667810190.5662618,,,,,,,,,,,,,,,
77,313427,0,1179.7396874427795,1667810192.2797494,,,,,,,,,,,,,,,
78,314354,0,1181.0263712406158,1667810193.5664332,,,,,,,,,,,,,,,
79,315132,0,1182.4041740894318,1667810194.944236,,,,,,,,,,,,,,,
80,320147,0,1189.4255306720734,1667810201.9655926,,,,,,,,,,,,,,,
81,327902,0,1201.9413692951202,1667810214.4814312,,,,,,,,,,,,,,,
82,332334,0,1208.9348492622375,1667810221.4749112,,,,,,,,,,,,,,,
83,335286,0,1213.766689300537,1667810226.3067513,,,,,,,,,,,,,,,
84,335365,0,1213.913022518158,1667810226.4530845,,,,,,,,,,,,,,,
85,335509,0,1214.1816236972809,1667810226.7216856,,,,,,,,,,,,,,,
86,335899,0,1214.7141029834747,1667810227.254165,,,,,,,,,,,,,,,
87,336542,0,1215.6894652843475,1667810228.2295272,,,,,,,,,,,,,,,
88,346192,0,1231.1026003360748,1667810243.6426623,,,,,,,,,,,,,,,
89,356301,0,1247.6050984859467,1667810260.1451604,,,,,,,,,,,,,,,
90,357227,0,1249.4162600040436,1667810261.956322,,,,,,,,,,,,,,,
91,360625,0,1254.7671971321106,1667810267.307259,,,,,,,,,,,,,,,
92,361910,0,1256.7414708137512,1667810269.2815328,0.0,0.005333333333333333,10.0,0.0,0.01,9.0,0.0,0.0,0.0,0.5153333333333333,0.5333333333333333,114506.0,0.4666666666666667,0.0,1427.0
93,362376,0,1257.5434257984161,1667810270.0834877,,,,,,,,,,,,,,,
94,366125,0,1263.4256119728088,1667810275.965674,,,,,,,,,,,,,,,
95,366183,0,1263.5007605552673,1667810276.0408225,,,,,,,,,,,,,,,
96,368847,0,1267.548523426056,1667810280.0885854,,,,,,,,,,,,,,,
97,371280,0,1271.649718761444,1667810284.1897807,0.0,0.0033333333333333335,9.0,0.0,0.01,10.0,0.0,0.0,0.0,0.5106666666666667,0.5333333333333333,114916.0,0.4666666666666667,0.0,1428.0
98,376889,0,1280.6430127620697,1667810293.1830747,,,,,,,,,,,,,,,
99,378902,0,1283.7640450000763,1667810296.304107,,,,,,,,,,,,,,,
100,380846,0,1286.8508186340332,1667810299.3908806,,,,,,,,,,,,,,,
101,387843,0,1299.1589398384094,1667810311.6990018,,,,,,,,,,,,,,,
102,390070,0,1303.0129516124725,1667810315.5530136,0.0,0.0006666666666666666,9.0,0.0,0.01,9.0,0.0,0.0,0.0,0.5273333333333333,0.5333333333333333,115891.0,0.4666666666666667,0.0,1428.0
103,390312,0,1303.3481504917145,1667810315.8882124,,,,,,,,,,,,,,,
104,390753,0,1304.0402126312256,1667810316.5802746,,,,,,,,,,,,,,,
105,390824,0,1304.181039571762,1667810316.7211015,,,,,,,,,,,,,,,
106,401463,0,1322.0013091564178,1667810334.541371,,,,,,,,,,,,,,,
107,407245,0,1331.1531455516815,1667810343.6932075,,,,,,,,,,,,,,,
108,408979,0,1334.1644756793976,1667810346.7045376,,,,,,,,,,,,,,,
109,409922,0,1336.02525472641,1667810348.5653167,,,,,,,,,,,,,,,
110,412322,0,1340.466906785965,1667810353.0069687,,,,,,,,,,,,,,,
111,419119,0,1353.1513576507568,1667810365.6914196,,,,,,,,,,,,,,,
112,421459,0,1357.4505398273468,1667810369.9906018,,,,,,,,,,,,,,,
113,423503,0,1361.05859541893,1667810373.5986574,,,,,,,,,,,,,,,
114,431326,0,1374.2063105106354,1667810386.7463725,,,,,,,,,,,,,,,
115,439389,0,1388.9821407794952,1667810401.5222027,,,,,,,,,,,,,,,
116,441108,0,1392.6136593818665,1667810405.1537213,,,,,,,,,,,,,,,
117,446619,0,1402.4679043293,1667810415.0079663,,,,,,,,,,,,,,,
118,449962,0,1408.2039346694946,1667810420.7439966,,,,,,,,,,,,,,,
119,458828,0,1424.0829706192017,1667810436.6230326,,,,,,,,,,,,,,,
120,460654,0,1427.4050152301788,1667810439.9450772,,,,,,,,,,,,,,,
121,460965,0,1428.0246441364288,1667810440.564706,,,,,,,,,,,,,,,
122,465141,0,1436.532282590866,1667810449.0723445,,,,,,,,,,,,,,,
123,466311,0,1438.5225820541382,1667810451.062644,,,,,,,,,,,,,,,
124,470588,0,1446.7185635566711,1667810459.2586255,,,,,,,,,,,,,,,
125,470911,0,1447.3861582279205,1667810459.9262202,,,,,,,,,,,,,,,
126,471346,0,1448.2635805606842,1667810460.8036425,,,,,,,,,,,,,,,
127,476355,0,1458.0163488388062,1667810470.5564108,,,,,,,,,,,,,,,
128,481901,0,1468.887137889862,1667810481.4271998,,,,,,,,,,,,,,,
129,488503,0,1481.5038442611694,1667810494.0439062,,,,,,,,,,,,,,,
130,493270,0,1490.4848325252533,1667810503.0248945,0.0,0.002,11.0,0.0,0.01,9.0,0.0,0.0,0.0,0.6953333333333334,0.6,120882.0,0.4,0.0,1408.0
131,494627,0,1493.0315730571747,1667810505.571635,,,,,,,,,,,,,,,
132,495119,0,1493.8561024665833,1667810506.3961644,,,,,,,,,,,,,,,
133,498515,0,1501.0492482185364,1667810513.5893102,,,,,,,,,,,,,,,
134,501485,0,1506.934970855713,1667810519.4750328,,,,,,,,,,,,,,,
135,518234,0,1539.3950536251068,1667810551.9351156,,,,,,,,,,,,,,,
136,520321,0,1543.48983168602,1667810556.0298936,,,,,,,,,,,,,,,
137,524059,0,1550.7635333538055,1667810563.3035953,,,,,,,,,,,,,,,
138,526735,0,1555.7154877185822,1667810568.2555497,,,,,,,,,,,,,,,
139,532910,0,1566.9598212242126,1667810579.4998832,0.0,0.008,9.0,0.0,0.01,9.0,0.0,0.0,0.0,0.7406666666666667,0.6,122801.0,0.4,0.0,1425.0
140,540473,0,1581.4423191547394,1667810593.982381,,,,,,,,,,,,,,,
141,541013,0,1582.5587048530579,1667810595.0987668,,,,,,,,,,,,,,,
142,545243,0,1590.5503017902374,1667810603.0903637,,,,,,,,,,,,,,,
143,555239,0,1609.6112008094788,1667810622.1512628,,,,,,,,,,,,,,,
144,560608,0,1619.6764223575592,1667810632.2164843,,,,,,,,,,,,,,,
145,573090,0,1644.0537493228912,1667810656.5938113,0.0,0.002,11.0,0.0,0.01,6.0,0.0,0.0,0.0,0.7726666666666666,0.5333333333333333,124776.0,0.4666666666666667,0.0,1415.0
146,580172,0,1657.9565794467926,1667810670.4966414,,,,,,,,,,,,,,,
147,584187,0,1665.9440143108368,1667810678.4840763,,,,,,,,,,,,,,,
148,585167,0,1667.9804828166962,1667810680.5205448,,,,,,,,,,,,,,,
149,585647,0,1668.8217058181763,1667810681.3617678,,,,,,,,,,,,,,,
150,587892,0,1673.2230150699615,1667810685.763077,,,,,,,,,,,,,,,
151,591246,0,1679.7351303100586,1667810692.2751923,,,,,,,,,,,,,,,
152,593032,0,1683.386254310608,1667810695.9263163,,,,,,,,,,,,,,,
153,599446,0,1696.2106885910034,1667810708.7507505,,,,,,,,,,,,,,,
154,601681,0,1700.4921357631683,1667810713.0321977,,,,,,,,,,,,,,,
155,603660,15,1704.206530570984,1667810716.7465925,0.0,0.01,11.0,0.0,0.01,6.0,0.0,0.0,0.0,0.8013333333333333,0.0,126330.0,0.0,0.0,1422.0
156,604625,0,1706.123949766159,1667810718.6640117,,,,,,,,,,,,,,,
157,605111,0,1706.969391822815,1667810719.5094538,,,,,,,,,,,,,,,
158,620516,0,1738.467845916748,1667810751.0079079,,,,,,,,,,,,,,,
159,622513,0,1742.8152799606323,1667810755.355342,,,,,,,,,,,,,,,
160,628652,0,1756.0549352169037,1667810768.5949972,,,,,,,,,,,,,,,
161,629814,0,1758.2274854183197,1667810770.7675474,,,,,,,,,,,,,,,
162,634962,0,1769.3834822177887,1667810781.9235442,,,,,,,,,,,,,,,
163,640271,0,1781.1386404037476,1667810793.6787024,,,,,,,,,,,,,,,
164,642279,0,1785.3510632514954,1667810797.8911252,,,,,,,,,,,,,,,
165,642561,0,1785.9271202087402,1667810798.4671822,,,,,,,,,,,,,,,
166,647467,0,1796.120139837265,1667810808.6602018,,,,,,,,,,,,,,,
167,647768,0,1796.6930809020996,1667810809.2331429,,,,,,,,,,,,,,,
168,650414,0,1802.2212176322937,1667810814.7612796,,,,,,,,,,,,,,,
169,654764,0,1811.730626821518,1667810824.2706888,,,,,,,,,,,,,,,
170,656899,0,1815.988022327423,1667810828.5280843,,,,,,,,,,,,,,,
171,666594,0,1836.932122707367,1667810849.4721847,,,,,,,,,,,,,,,
172,673113,0,1851.12677693367,1667810863.666839,,,,,,,,,,,,,,,
173,675467,0,1856.3460955619812,1667810868.8861575,,,,,,,,,,,,,,,
174,676352,0,1858.370597600937,1667810870.9106596,,,,,,,,,,,,,,,
175,677196,0,1860.204094171524,1667810872.7441561,,,,,,,,,,,,,,,
176,678930,0,1863.7989745140076,1667810876.3390365,0.0,0.008666666666666666,6.0,0.0,0.01,6.0,0.0,0.0,0.0,0.8406666666666667,0.5333333333333333,130352.0,0.4666666666666667,0.0,1401.0
177,680973,0,1867.7775559425354,1667810880.317618,,,,,,,,,,,,,,,
178,689703,0,1887.3499171733856,1667810899.8899791,,,,,,,,,,,,,,,
179,696379,0,1902.6551132202148,1667810915.1951752,,,,,,,,,,,,,,,
180,698686,0,1907.4002306461334,1667810919.9402926,,,,,,,,,,,,,,,
181,701666,0,1913.6887729167938,1667810926.2288349,,,,,,,,,,,,,,,
182,702149,0,1914.8005990982056,1667810927.340661,,,,,,,,,,,,,,,
183,703875,0,1918.259933233261,1667810930.7999952,,,,,,,,,,,,,,,
184,704244,0,1919.1929104328156,1667810931.7329724,,,,,,,,,,,,,,,
185,708489,0,1928.5850784778595,1667810941.1251404,,,,,,,,,,,,,,,
186,709556,0,1930.8334641456604,1667810943.373526,,,,,,,,,,,,,,,
187,716654,0,1946.279298067093,1667810958.81936,,,,,,,,,,,,,,,
188,716926,0,1946.842575788498,1667810959.3826377,,,,,,,,,,,,,,,
189,726973,0,1969.1125495433807,1667810981.6526115,,,,,,,,,,,,,,,
190,729249,0,1974.5075042247772,1667810987.0475662,,,,,,,,,,,,,,,
191,729904,0,1976.0503842830658,1667810988.5904462,,,,,,,,,,,,,,,
192,733903,0,1984.5513710975647,1667810997.091433,,,,,,,,,,,,,,,
193,735253,0,1987.339185476303,1667810999.8792474,,,,,,,,,,,,,,,
194,736197,0,1989.489145040512,1667811002.029207,,,,,,,,,,,,,,,
195,737226,0,1991.753125667572,1667811004.2931876,,,,,,,,,,,,,,,
196,737435,0,1992.1830270290375,1667811004.723089,,,,,,,,,,,,,,,
197,738574,0,1994.6736521720886,1667811007.2137141,,,,,,,,,,,,,,,
198,739154,0,1996.0095241069794,1667811008.549586,,,,,,,,,,,,,,,
199,740283,0,1998.4716901779175,1667811011.0117521,,,,,,,,,,,,,,,
200,743329,0,2004.9696745872498,1667811017.5097365,,,,,,,,,,,,,,,
201,745339,0,2009.116751909256,1667811021.6568139,,,,,,,,,,,,,,,
202,746974,0,2012.8281383514404,1667811025.3682003,,,,,,,,,,,,,,,
203,750167,0,2020.2653799057007,1667811032.8054419,,,,,,,,,,,,,,,
204,757248,0,2036.415453672409,1667811048.9555156,,,,,,,,,,,,,,,
205,757534,0,2036.9952466487885,1667811049.5353086,,,,,,,,,,,,,,,
206,760513,0,2043.8751921653748,1667811056.415254,,,,,,,,,,,,,,,
207,763274,0,2049.4964027404785,1667811062.0364647,,,,,,,,,,,,,,,
208,767649,0,2058.519350528717,1667811071.0594125,,,,,,,,,,,,,,,
209,771301,0,2066.70210814476,1667811079.24217,,,,,,,,,,,,,,,
210,772085,0,2068.664326429367,1667811081.2043884,,,,,,,,,,,,,,,
211,777233,0,2080.706125974655,1667811093.246188,,,,,,,,,,,,,,,
212,783583,0,2095.5034630298615,1667811108.043525,,,,,,,,,,,,,,,
213,785073,15,2098.8752479553223,1667811111.41531,,,,,,,,,,,,,,,
214,785357,0,2099.595141887665,1667811112.1352038,,,,,,,,,,,,,,,
215,785675,0,2100.2935326099396,1667811112.8335946,,,,,,,,,,,,,,,
216,788261,0,2105.9199028015137,1667811118.4599648,,,,,,,,,,,,,,,
217,794439,0,2119.148702144623,1667811131.688764,,,,,,,,,,,,,,,
218,803055,0,2137.8812925815582,1667811150.4213545,,,,,,,,,,,,,,,
219,803852,0,2139.7633833885193,1667811152.3034453,,,,,,,,,,,,,,,
220,809928,0,2154.299406528473,1667811166.8394685,,,,,,,,,,,,,,,
221,817760,0,2173.260363340378,1667811185.8004253,0.0,0.0006666666666666666,10.0,0.0,0.01,7.0,0.0,0.0,0.0,0.8866666666666667,0.5333333333333333,137524.0,0.4666666666666667,0.0,1446.0
222,822538,0,2184.4126110076904,1667811196.952673,,,,,,,,,,,,,,,
223,825149,0,2190.9563250541687,1667811203.496387,,,,,,,,,,,,,,,
224,826803,0,2194.787787437439,1667811207.3278494,,,,,,,,,,,,,,,
225,827034,0,2195.308140516281,1667811207.8482025,,,,,,,,,,,,,,,
226,830875,0,2203.825711965561,1667811216.365774,,,,,,,,,,,,,,,
227,833662,0,2210.158534049988,1667811222.698596,,,,,,,,,,,,,,,
228,835426,0,2214.548011779785,1667811227.0880737,,,,,,,,,,,,,,,
229,837359,0,2219.154488801956,1667811231.6945508,,,,,,,,,,,,,,,
230,839560,0,2224.5213820934296,1667811237.061444,0.0,0.0006666666666666666,9.0,0.0,0.01,6.0,0.0,0.0,0.0,0.9873333333333333,0.4666666666666667,138714.0,0.5333333333333333,0.0,1406.0
231,842545,0,2231.4442451000214,1667811243.984307,,,,,,,,,,,,,,,
232,851806,0,2253.67471075058,1667811266.2147727,,,,,,,,,,,,,,,
233,862129,0,2275.36589717865,1667811287.9059591,,,,,,,,,,,,,,,
234,862864,15,2276.92986702919,1667811289.469929,,,,,,,,,,,,,,,
235,872689,0,2298.8563499450684,1667811311.396412,,,,,,,,,,,,,,,
236,875696,0,2305.626471757889,1667811318.1665337,,,,,,,,,,,,,,,
237,878892,0,2312.24880194664,1667811324.788864,,,,,,,,,,,,,,,
238,886156,0,2327.482479095459,1667811340.022541,,,,,,,,,,,,,,,
239,886368,0,2327.9190266132355,1667811340.4590886,,,,,,,,,,,,,,,
240,887034,0,2329.2565305233,1667811341.7965925,,,,,,,,,,,,,,,
241,888406,0,2332.0938119888306,1667811344.633874,,,,,,,,,,,,,,,
242,892172,0,2340.2066493034363,1667811352.7467113,,,,,,,,,,,,,,,
243,896725,0,2349.6944255828857,1667811362.2344875,,,,,,,,,,,,,,,
244,898637,0,2354.00053358078,1667811366.5405955,,,,,,,,,,,,,,,
245,900154,0,2357.469481945038,1667811370.009544,,,,,,,,,,,,,,,
246,910697,0,2382.057388782501,1667811394.5974507,,,,,,,,,,,,,,,
247,910698,0,2382.0592098236084,1667811394.5992718,,,,,,,,,,,,,,,
248,910993,0,2382.720096349716,1667811395.2601583,,,,,,,,,,,,,,,
249,911261,0,2383.4277205467224,1667811395.9677825,,,,,,,,,,,,,,,
250,914360,0,2390.6492552757263,1667811403.1893172,0.0,0.002,9.0,0.0,0.01,8.0,0.0,0.0,0.0,0.966,0.4666666666666667,142562.0,0.5333333333333333,0.0,1429.0
251,931209,0,2426.832051515579,1667811439.3721135,,,,,,,,,,,,,,,
252,934323,0,2433.7087144851685,1667811446.2487764,,,,,,,,,,,,,,,
253,937618,0,2440.8597688674927,1667811453.3998308,,,,,,,,,,,,,,,
254,938683,0,2443.359000682831,1667811455.8990626,,,,,,,,,,,,,,,
255,939785,0,2446.147007703781,1667811458.6870697,,,,,,,,,,,,,,,
256,939841,0,2446.230888605118,1667811458.7709506,,,,,,,,,,,,,,,
257,953930,0,2476.9061460494995,1667811489.446208,0.0,0.0,8.0,0.0,0.01,11.0,0.0,0.0,0.0,0.8466666666666667,0.5333333333333333,144624.0,0.4666666666666667,0.0,1424.0
258,955535,0,2481.130097389221,1667811493.6701593,,,,,,,,,,,,,,,
259,956496,0,2483.192719221115,1667811495.7327812,,,,,,,,,,,,,,,
260,962282,0,2495.759219646454,1667811508.2992816,,,,,,,,,,,,,,,
261,967275,0,2505.9649846553802,1667811518.5050466,,,,,,,,,,,,,,,
262,968324,0,2508.0460147857666,1667811520.5860767,,,,,,,,,,,,,,,
263,972350,0,2516.776708126068,1667811529.31677,0.0,0.005333333333333333,8.0,0.0,0.01,9.0,0.0,0.0,0.0,0.8713333333333333,0.4666666666666667,145624.0,0.5333333333333333,0.0,1416.0
264,974166,0,2520.4387164115906,1667811532.9787784,,,,,,,,,,,,,,,
265,985816,0,2544.8742830753326,1667811557.414345,,,,,,,,,,,,,,,
266,991036,0,2556.4727075099945,1667811569.0127695,,,,,,,,,,,,,,,
267,991501,0,2557.4556889533997,1667811569.995751,,,,,,,,,,,,,,,
268,996802,0,2569.2027049064636,1667811581.7427669,,,,,,,,,,,,,,,
269,1000581,0,2577.111832857132,1667811589.6518948,,,,,,,,,,,,,,,
270,1001864,0,2579.6290154457092,1667811592.1690774,,,,,,,,,,,,,,,
271,1002787,0,2581.346476316452,1667811593.8865383,,,,,,,,,,,,,,,
272,1003054,0,2581.880171060562,1667811594.420233,,,,,,,,,,,,,,,
273,1009472,0,2593.6757669448853,1667811606.215829,,,,,,,,,,,,,,,
274,1011191,0,2596.898638010025,1667811609.4387,,,,,,,,,,,,,,,
275,1013909,0,2601.8821365833282,1667811614.4221985,,,,,,,,,,,,,,,
276,1020928,0,2615.077215909958,1667811627.6172779,,,,,,,,,,,,,,,
277,1026541,0,2625.843067407608,1667811638.3831294,,,,,,,,,,,,,,,
278,1026920,0,2626.491106033325,1667811639.031168,0.0,0.008666666666666666,12.0,0.0,0.01,10.0,0.0,0.0,0.0,0.7553333333333333,0.5333333333333333,148533.0,0.4666666666666667,0.0,1418.0
279,1028997,0,2630.2912726402283,1667811642.8313346,,,,,,,,,,,,,,,
280,1036748,0,2645.5935685634613,1667811658.1336305,,,,,,,,,,,,,,,
281,1037528,0,2647.0011463165283,1667811659.5412083,,,,,,,,,,,,,,,
282,1039844,0,2651.6643013954163,1667811664.2043633,,,,,,,,,,,,,,,
283,1055866,0,2686.106226205826,1667811698.6462882,,,,,,,,,,,,,,,
284,1058007,0,2690.2664012908936,1667811702.8064632,,,,,,,,,,,,,,,
285,1059341,0,2692.606001853943,1667811705.1460638,,,,,,,,,,,,,,,
286,1062745,0,2699.088188648224,1667811711.6282506,,,,,,,,,,,,,,,
287,1066872,0,2706.947201490402,1667811719.4872634,,,,,,,,,,,,,,,
288,1069414,0,2711.7586200237274,1667811724.298682,,,,,,,,,,,,,,,
289,1069874,0,2712.679461956024,1667811725.219524,,,,,,,,,,,,,,,
290,1070910,0,2714.6448261737823,1667811727.1848881,0.0,0.0026666666666666666,9.0,0.0,0.01,7.0,0.0,0.0,0.0,0.7633333333333333,0.4666666666666667,150985.0,0.5333333333333333,0.0,1422.0
291,1074411,0,2721.299300432205,1667811733.8393624,,,,,,,,,,,,,,,
292,1077212,0,2726.6271526813507,1667811739.1672146,,,,,,,,,,,,,,,
293,1080495,0,2732.803876876831,1667811745.3439388,,,,,,,,,,,,,,,
294,1086979,0,2745.1365077495575,1667811757.6765697,,,,,,,,,,,,,,,
295,1087452,0,2745.9844210147858,1667811758.524483,,,,,,,,,,,,,,,
296,1087503,0,2746.0593242645264,1667811758.5993862,,,,,,,,,,,,,,,
297,1091549,0,2753.8301622867584,1667811766.3702242,,,,,,,,,,,,,,,
298,1092747,0,2755.739060163498,1667811768.279122,,,,,,,,,,,,,,,
299,1096266,0,2762.1625814437866,1667811774.7026434,,,,,,,,,,,,,,,
300,1097553,0,2764.5075721740723,1667811777.0476341,,,,,,,,,,,,,,,
301,1105980,0,2781.129053592682,1667811793.6691155,0.0,0.0006666666666666666,9.0,0.0,0.01,9.0,0.0,0.0,0.0,0.9826666666666667,0.6,152847.0,0.4,0.0,1408.0
302,1107585,0,2784.795731782913,1667811797.3357937,,,,,,,,,,,,,,,
303,1110388,0,2790.7503654956818,1667811803.2904274,,,,,,,,,,,,,,,
304,1120523,0,2813.149402618408,1667811825.6894646,,,,,,,,,,,,,,,
305,1133493,0,2838.5591716766357,1667811851.0992336,,,,,,,,,,,,,,,
306,1149452,0,2866.0518243312836,1667811878.5918863,,,,,,,,,,,,,,,
307,1153346,0,2872.9579837322235,1667811885.4980457,,,,,,,,,,,,,,,
308,1155154,0,2875.949822664261,1667811888.4898846,,,,,,,,,,,,,,,
309,1157139,0,2879.08873128891,1667811891.6287932,,,,,,,,,,,,,,,
310,1160888,0,2885.736451148987,1667811898.276513,,,,,,,,,,,,,,,
311,1163495,0,2890.186873435974,1667811902.7269354,,,,,,,,,,,,,,,
312,1164649,0,2892.299059152603,1667811904.839121,,,,,,,,,,,,,,,
313,1165726,0,2894.193537712097,1667811906.7335997,,,,,,,,,,,,,,,
314,1169803,0,2900.7138290405273,1667811913.253891,,,,,,,,,,,,,,,
315,1174310,0,2908.0556008815765,1667811920.5956628,0.0,0.0,9.0,0.0,0.01,8.0,0.0,0.0,0.0,0.57,0.5333333333333333,156264.0,0.4666666666666667,0.0,1442.0
316,1179796,0,2917.1110622882843,1667811929.6511242,,,,,,,,,,,,,,,
317,1183998,0,2923.936715364456,1667811936.4767773,,,,,,,,,,,,,,,
318,1184907,0,2925.374622821808,1667811937.9146848,,,,,,,,,,,,,,,
319,1203761,0,2959.4606890678406,1667811972.000751,,,,,,,,,,,,,,,
320,1207695,0,2966.595576286316,1667811979.1356382,,,,,,,,,,,,,,,
321,1207843,0,2966.9091618061066,1667811979.4492238,,,,,,,,,,,,,,,
322,1208043,0,2967.2009239196777,1667811979.7409859,,,,,,,,,,,,,,,
323,1210775,0,2972.04141664505,1667811984.5814786,,,,,,,,,,,,,,,
324,1224158,0,2995.9114854335785,1667812008.4515474,,,,,,,,,,,,,,,
325,1225550,0,2998.353235244751,1667812010.8932972,0.0,0.0026666666666666666,12.0,0.0,0.01,8.0,0.0,0.0,0.0,0.672,0.4666666666666667,159101.0,0.5333333333333333,0.0,1415.0
326,1227466,0,3001.6513137817383,1667812014.1913757,,,,,,,,,,,,,,,
327,1229334,0,3005.0168261528015,1667812017.556888,,,,,,,,,,,,,,,
328,1234644,0,3014.680744409561,1667812027.2208064,,,,,,,,,,,,,,,
329,1236672,0,3018.204249858856,1667812030.7443118,,,,,,,,,,,,,,,
330,1239953,0,3024.307907819748,1667812036.8479698,,,,,,,,,,,,,,,
331,1246339,0,3035.797943353653,1667812048.3380053,,,,,,,,,,,,,,,
332,1246453,0,3036.1181602478027,1667812048.6582222,,,,,,,,,,,,,,,
333,1248460,0,3039.8839943408966,1667812052.4240563,0.0,0.0,7.0,0.0,0.01,6.0,0.0,0.0,0.0,0.694,0.4666666666666667,160229.0,0.5333333333333333,0.0,1413.0
334,1248495,0,3039.931430578232,1667812052.4714925,,,,,,,,,,,,,,,
335,1249991,0,3042.7283279895782,1667812055.26839,,,,,,,,,,,,,,,
336,1250205,0,3043.1579883098602,1667812055.6980503,,,,,,,,,,,,,,,
337,1254687,0,3051.3321237564087,1667812063.8721857,,,,,,,,,,,,,,,
338,1263367,0,3067.022782802582,1667812079.5628448,,,,,,,,,,,,,,,
339,1267743,0,3076.227960586548,1667812088.7680225,,,,,,,,,,,,,,,
340,1273720,0,3089.8069467544556,1667812102.3470087,0.0,0.004666666666666667,9.0,0.0,0.01,4.0,0.0,0.0,0.0,0.988,0.4666666666666667,161558.0,0.5333333333333333,0.0,1414.0
341,1274167,0,3090.8765964508057,1667812103.4166584,,,,,,,,,,,,,,,
342,1275715,0,3094.33367061615,1667812106.8737326,,,,,,,,,,,,,,,
343,1280994,0,3105.732926130295,1667812118.272988,,,,,,,,,,,,,,,
344,1283264,0,3110.5928497314453,1667812123.1329117,,,,,,,,,,,,,,,
345,1288741,0,3122.839462041855,1667812135.379524,,,,,,,,,,,,,,,
346,1308056,0,3153.7399582862854,1667812166.2800202,,,,,,,,,,,,,,,
347,1309915,0,3156.4734601974487,1667812169.0135221,,,,,,,,,,,,,,,
348,1311427,0,3158.6329877376556,1667812171.1730497,,,,,,,,,,,,,,,
349,1322377,0,3176.42560839653,1667812188.9656703,,,,,,,,,,,,,,,
350,1323236,0,3177.9329874515533,1667812190.4730494,,,,,,,,,,,,,,,
351,1325277,0,3180.97648024559,1667812193.5165422,,,,,,,,,,,,,,,
352,1327608,0,3184.5572187900543,1667812197.0972807,,,,,,,,,,,,,,,
353,1327994,0,3185.121975183487,1667812197.6620371,,,,,,,,,,,,,,,
354,1355173,0,3229.151521205902,1667812241.6915832,,,,,,,,,,,,,,,
355,1356856,0,3232.0542874336243,1667812244.5943494,,,,,,,,,,,,,,,
356,1359212,0,3235.6374051570892,1667812248.177467,,,,,,,,,,,,,,,
357,1363506,0,3243.046541452408,1667812255.5866034,,,,,,,,,,,,,,,
358,1366672,0,3247.7761936187744,1667812260.3162556,,,,,,,,,,,,,,,
359,1366694,0,3247.8059146404266,1667812260.3459766,,,,,,,,,,,,,,,
360,1376692,0,3265.553760766983,1667812278.0938227,,,,,,,,,,,,,,,
361,1388118,0,3284.556439638138,1667812297.0965016,,,,,,,,,,,,,,,
362,1395465,0,3295.5266625881195,1667812308.0667245,,,,,,,,,,,,,,,
363,1404914,0,3309.7192029953003,1667812322.259265,,,,,,,,,,,,,,,
364,1411953,0,3320.4638962745667,1667812333.0039582,,,,,,,,,,,,,,,
365,1412373,0,3321.2015380859375,1667812333.7416,,,,,,,,,,,,,,,
366,1412545,0,3321.4830536842346,1667812334.0231156,,,,,,,,,,,,,,,
367,1419542,0,3332.847850084305,1667812345.387912,,,,,,,,,,,,,,,
368,1420380,0,3333.9490916728973,1667812346.4891536,0.0,0.007333333333333333,11.0,0.0,0.01,9.0,0.0,0.0,0.0,0.44533333333333336,0.5333333333333333,168991.0,0.4666666666666667,0.0,1423.0
369,1428092,0,3346.217741727829,1667812358.7578037,,,,,,,,,,,,,,,
370,1429005,0,3347.5105843544006,1667812360.0506463,,,,,,,,,,,,,,,
371,1438312,0,3361.560648202896,1667812374.1007102,,,,,,,,,,,,,,,
372,1439298,0,3363.1190893650055,1667812375.6591513,,,,,,,,,,,,,,,
373,1443496,0,3369.4937641620636,1667812382.033826,,,,,,,,,,,,,,,
374,1445315,0,3371.9991760253906,1667812384.539238,,,,,,,,,,,,,,,
375,1448176,0,3376.080778360367,1667812388.6208403,,,,,,,,,,,,,,,
376,1456340,0,3388.2827668190002,1667812400.8228288,0.0,0.013333333333333334,9.0,0.0,0.01,6.0,0.0,0.0,0.0,0.3973333333333333,0.5333333333333333,170864.0,0.4666666666666667,0.0,1397.0
377,1457255,0,3389.5270326137543,1667812402.0670946,,,,,,,,,,,,,,,
378,1458751,0,3391.60520863533,1667812404.1452706,,,,,,,,,,,,,,,
379,1459609,0,3392.818796634674,1667812405.3588586,,,,,,,,,,,,,,,
380,1474373,0,3414.5338311195374,1667812427.073893,,,,,,,,,,,,,,,
381,1478137,0,3420.4207952022552,1667812432.9608572,,,,,,,,,,,,,,,
382,1479921,0,3422.939341068268,1667812435.479403,,,,,,,,,,,,,,,
383,1482338,0,3426.5920102596283,1667812439.1320722,,,,,,,,,,,,,,,
384,1485314,0,3431.4923181533813,1667812444.03238,,,,,,,,,,,,,,,
385,1485480,0,3431.6951022148132,1667812444.2351642,0.0,0.0013333333333333333,10.0,0.0,0.01,9.0,0.0,0.0,0.0,0.5146666666666667,0.6,172162.0,0.4,0.0,1432.0
386,1486164,0,3432.9231684207916,1667812445.4632304,,,,,,,,,,,,,,,
387,1496898,0,3451.925183057785,1667812464.465245,,,,,,,,,,,,,,,
388,1499338,0,3456.8756256103516,1667812469.4156876,,,,,,,,,,,,,,,
389,1507558,0,3474.5391199588776,1667812487.079182,,,,,,,,,,,,,,,
390,1511435,0,3482.7974009513855,1667812495.337463,,,,,,,,,,,,,,,
391,1522016,0,3502.1369230747223,1667812514.676985,,,,,,,,,,,,,,,
392,1526424,0,3508.9147670269012,1667812521.454829,,,,,,,,,,,,,,,
393,1527141,0,3509.941671848297,1667812522.4817338,,,,,,,,,,,,,,,
394,1528459,0,3511.9566671848297,1667812524.4967291,,,,,,,,,,,,,,,
395,1529999,0,3514.419940471649,1667812526.9600024,,,,,,,,,,,,,,,
396,1534019,0,3520.683111190796,1667812533.2231731,,,,,,,,,,,,,,,
397,1537127,0,3524.9173617362976,1667812537.4574237,,,,,,,,,,,,,,,
398,1540789,0,3530.5287716388702,1667812543.0688336,,,,,,,,,,,,,,,
399,1546371,0,3539.164978504181,1667812551.7050405,,,,,,,,,,,,,,,
400,1550022,0,3544.644684314728,1667812557.1847463,,,,,,,,,,,,,,,
401,1557018,0,3556.2881305217743,1667812568.8281925,,,,,,,,,,,,,,,
402,1557075,0,3556.3985369205475,1667812568.9385989,,,,,,,,,,,,,,,
403,1560293,0,3561.59171295166,1667812574.131775,,,,,,,,,,,,,,,
404,1563022,0,3566.3162183761597,1667812578.8562803,,,,,,,,,,,,,,,
405,1574967,0,3586.9207468032837,1667812599.4608088,,,,,,,,,,,,,,,
406,1575328,0,3587.4840083122253,1667812600.0240703,,,,,,,,,,,,,,,
407,1576514,0,3590.0092072486877,1667812602.5492692,,,,,,,,,,,,,,,
408,1576941,0,3590.736010313034,1667812603.2760723,,,,,,,,,,,,,,,
409,1578723,0,3594.1313140392303,1667812606.671376,,,,,,,,,,,,,,,
410,1579534,0,3595.5071256160736,1667812608.0471876,,,,,,,,,,,,,,,
411,1595256,0,3622.5359988212585,1667812635.0760608,,,,,,,,,,,,,,,
412,1602462,0,3634.7057769298553,1667812647.2458389,,,,,,,,,,,,,,,
413,1609976,0,3647.4707140922546,1667812660.010776,,,,,,,,,,,,,,,
414,1613222,0,3653.206780433655,1667812665.7468424,,,,,,,,,,,,,,,
415,1615674,0,3657.398091316223,1667812669.9381533,,,,,,,,,,,,,,,
416,1616856,0,3659.9472193717957,1667812672.4872813,,,,,,,,,,,,,,,
417,1620332,0,3666.0688745975494,1667812678.6089365,,,,,,,,,,,,,,,
418,1621566,0,3668.338808298111,1667812680.8788702,,,,,,,,,,,,,,,
419,1628249,0,3679.3040034770966,1667812691.8440654,,,,,,,,,,,,,,,
420,1633376,0,3688.8550894260406,1667812701.3951514,,,,,,,,,,,,,,,
421,1639689,0,3700.503741502762,1667812713.0438035,,,,,,,,,,,,,,,
422,1642749,0,3706.014934539795,1667812718.5549965,,,,,,,,,,,,,,,
423,1644462,0,3708.9613676071167,1667812721.5014296,,,,,,,,,,,,,,,
424,1645357,0,3710.414937019348,1667812722.954999,,,,,,,,,,,,,,,
425,1645831,0,3711.3885972499847,1667812723.9286592,,,,,,,,,,,,,,,
426,1647246,0,3713.803934812546,1667812726.3439968,,,,,,,,,,,,,,,
427,1649433,0,3717.3823742866516,1667812729.9224362,,,,,,,,,,,,,,,
428,1650791,0,3719.7524333000183,1667812732.2924953,,,,,,,,,,,,,,,
429,1666368,0,3745.6018221378326,1667812758.141884,,,,,,,,,,,,,,,
430,1667364,0,3746.8664934635162,1667812759.4065554,,,,,,,,,,,,,,,
431,1669169,0,3749.797756910324,1667812762.3378189,,,,,,,,,,,,,,,
432,1673777,15,3756.982398033142,1667812769.52246,,,,,,,,,,,,,,,
433,1686962,0,3777.666485309601,1667812790.2065473,,,,,,,,,,,,,,,
434,1689464,0,3782.1929049491882,1667812794.732967,,,,,,,,,,,,,,,
435,1697242,0,3796.4949190616608,1667812809.034981,,,,,,,,,,,,,,,
436,1701918,0,3804.5104699134827,1667812817.0505319,,,,,,,,,,,,,,,
437,1708057,0,3815.8377282619476,1667812828.3777902,,,,,,,,,,,,,,,
438,1708776,0,3817.4563417434692,1667812829.9964037,,,,,,,,,,,,,,,
439,1709368,0,3818.415467262268,1667812830.9555292,,,,,,,,,,,,,,,
440,1713764,0,3825.7804453372955,1667812838.3205073,,,,,,,,,,,,,,,
441,1716008,0,3830.0691871643066,1667812842.609249,,,,,,,,,,,,,,,
442,1721215,0,3840.633840084076,1667812853.173902,,,,,,,,,,,,,,,
443,1721744,0,3841.5894570350647,1667812854.129519,,,,,,,,,,,,,,,
444,1728998,0,3853.8757705688477,1667812866.4158325,,,,,,,,,,,,,,,
445,1730916,0,3857.136725664139,1667812869.6767876,,,,,,,,,,,,,,,
446,1737816,0,3869.994409799576,1667812882.5344718,,,,,,,,,,,,,,,
447,1739164,0,3872.37633562088,1667812884.9163976,,,,,,,,,,,,,,,
448,1744624,0,3881.4636039733887,1667812894.003666,,,,,,,,,,,,,,,
449,1745052,0,3882.0957956314087,1667812894.6358576,,,,,,,,,,,,,,,
450,1770546,0,3924.792849302292,1667812937.3329113,,,,,,,,,,,,,,,
451,1782195,0,3945.498885154724,1667812958.038947,,,,,,,,,,,,,,,
452,1782833,0,3946.6739687919617,1667812959.2140307,,,,,,,,,,,,,,,
453,1783863,0,3949.321417570114,1667812961.8614795,,,,,,,,,,,,,,,
454,1786202,0,3953.962904214859,1667812966.5029662,,,,,,,,,,,,,,,
455,1792363,0,3966.0346851348877,1667812978.574747,,,,,,,,,,,,,,,
456,1796541,0,3973.291715860367,1667812985.8317778,,,,,,,,,,,,,,,
457,1798199,0,3976.131518602371,1667812988.6715806,,,,,,,,,,,,,,,
458,1799761,0,3978.9840371608734,1667812991.524099,,,,,,,,,,,,,,,
459,1808411,0,3994.698949813843,1667813007.2390118,,,,,,,,,,,,,,,
460,1809466,0,3996.601489305496,1667813009.1415513,,,,,,,,,,,,,,,
461,1818994,0,4013.5408935546875,1667813026.0809555,,,,,,,,,,,,,,,
462,1821642,0,4017.9326372146606,1667813030.4726992,,,,,,,,,,,,,,,
463,1823190,0,4020.789679288864,1667813033.3297412,0.0,0.006,12.0,0.0,0.01,9.0,0.0,0.0,0.0,0.5726666666666667,0.5333333333333333,189034.0,0.4666666666666667,0.0,1424.0
464,1824778,0,4023.460409641266,1667813036.0004716,,,,,,,,,,,,,,,
465,1825644,0,4025.0960776805878,1667813037.6361396,,,,,,,,,,,,,,,
466,1826095,0,4025.775235414505,1667813038.3152974,,,,,,,,,,,,,,,
467,1829216,0,4030.988395214081,1667813043.5284572,,,,,,,,,,,,,,,
468,1844894,0,4057.7278962135315,1667813070.2679582,,,,,,,,,,,,,,,
469,1845676,0,4059.2211034297943,1667813071.7611654,,,,,,,,,,,,,,,
470,1847407,0,4062.290871620178,1667813074.8309336,,,,,,,,,,,,,,,
471,1857497,0,4081.0491466522217,1667813093.5892086,,,,,,,,,,,,,,,
472,1860151,0,4086.425191640854,1667813098.9652536,,,,,,,,,,,,,,,
473,1863135,0,4092.240995168686,1667813104.7810571,,,,,,,,,,,,,,,
474,1866851,0,4100.049424171448,1667813112.5894861,,,,,,,,,,,,,,,
475,1867636,0,4101.465610980988,1667813114.005673,,,,,,,,,,,,,,,
476,1868568,0,4103.078995227814,1667813115.6190572,,,,,,,,,,,,,,,
477,1872197,0,4109.899830341339,1667813122.4398923,,,,,,,,,,,,,,,
478,1876576,0,4117.679223060608,1667813130.219285,,,,,,,,,,,,,,,
479,1877909,0,4120.558398008347,1667813133.09846,,,,,,,,,,,,,,,
480,1880560,0,4125.891807794571,1667813138.4318697,0.0,0.012,11.0,0.0,0.01,11.0,0.0,0.0,0.0,0.58,0.5333333333333333,191928.0,0.4666666666666667,0.0,1423.0
481,1886468,0,4137.427535295486,1667813149.9675972,,,,,,,,,,,,,,,
482,1886916,0,4138.299400568008,1667813150.8394625,,,,,,,,,,,,,,,
483,1889821,0,4143.860288143158,1667813156.40035,,,,,,,,,,,,,,,
484,1893190,0,4149.899246931076,1667813162.439309,0.0,0.0,6.0,0.0,0.01,7.0,0.0,0.0,0.0,0.5553333333333333,0.5333333333333333,192666.0,0.4666666666666667,0.0,1447.0
485,1896270,0,4155.1030168533325,1667813167.6430788,0.0,0.006666666666666667,10.0,0.0,0.01,9.0,0.0,0.0,0.0,0.5973333333333334,0.4666666666666667,192784.0,0.5333333333333333,0.0,1442.0
486,1900351,0,4163.193792581558,1667813175.7338545,,,,,,,,,,,,,,,
487,1909454,0,4180.859157562256,1667813193.3992195,,,,,,,,,,,,,,,
488,1910662,0,4183.087651252747,1667813195.6277132,,,,,,,,,,,,,,,
489,1912845,0,4187.55063533783,1667813200.0906973,,,,,,,,,,,,,,,
490,1922526,0,4205.536539554596,1667813218.0766015,,,,,,,,,,,,,,,
491,1930180,0,4221.304946184158,1667813233.8450081,0.0,0.007333333333333333,9.0,0.0,0.01,6.0,0.0,0.0,0.0,0.5753333333333334,0.4666666666666667,194385.0,0.5333333333333333,0.0,1428.0
492,1934057,0,4228.542658567429,1667813241.0827205,,,,,,,,,,,,,,,
493,1935734,0,4231.999644994736,1667813244.539707,,,,,,,,,,,,,,,
494,1942196,0,4244.365622282028,1667813256.9056842,,,,,,,,,,,,,,,
495,1948367,0,4256.708473682404,1667813269.2485356,,,,,,,,,,,,,,,
496,1950875,0,4262.516719341278,1667813275.0567813,,,,,,,,,,,,,,,
497,1952811,0,4266.374010324478,1667813278.9140723,,,,,,,,,,,,,,,
498,1969604,0,4300.4103009700775,1667813312.950363,,,,,,,,,,,,,,,
499,1972617,0,4306.582174777985,1667813319.1222367,,,,,,,,,,,,,,,
500,1972953,0,4307.368874549866,1667813319.9089365,,,,,,,,,,,,,,,
501,1974373,0,4310.316380262375,1667813322.8564422,,,,,,,,,,,,,,,
502,1977123,0,4315.786364555359,1667813328.3264265,,,,,,,,,,,,,,,
503,1982074,0,4326.409143924713,1667813338.9492059,,,,,,,,,,,,,,,
504,1987106,0,4336.77471113205,1667813349.314773,,,,,,,,,,,,,,,
505,1992241,0,4346.918464422226,1667813359.4585264,,,,,,,,,,,,,,,
506,1994609,0,4351.598115682602,1667813364.1381776,,,,,,,,,,,,,,,
507,1995538,0,4353.6064920425415,1667813366.146554,,,,,,,,,,,,,,,
