"Step","12-static-1","12-static - reward__MIN","12-static - reward__MAX","12-dynamic","12-dynamic - reward__MIN","12-dynamic - reward__MAX","12-ofb","12-ofbt - reward__MIN","12-ofbt - reward__MAX","12-every-10","12-every-10 - reward__MIN","12-every-10 - reward__MAX","12-every-100","12-every-100 - reward__MIN","12-every-100 - reward__MAX"
"1000","0.49222222222222256","0.49222222222222256","0.49222222222222256","0.6132222222222212","0.6132222222222212","0.6132222222222212","0.32099999999999645","0.32099999999999645","0.32099999999999645","0.5515253968253971","0.5515253968253971","0.5515253968253971","0.6522222222222221","0.6522222222222221","0.6522222222222221"
"2000","0.2368849206349167","0.2368849206349167","0.2368849206349167","0.5510904761904757","0.5510904761904757","0.5510904761904757","0.6627896825396842","0.6627896825396842","0.6627896825396842","0.3375174603174595","0.3375174603174595","0.3375174603174595","0.39444444444444077","0.39444444444444077","0.39444444444444077"
"3000","0.7789928571428573","0.7789928571428573","0.7789928571428573","0.5190238095238097","0.5190238095238097","0.5190238095238097","0.8727095238095236","0.8727095238095236","0.8727095238095236","0.7182603174603173","0.7182603174603173","0.7182603174603173","-0.10144444444444711","-0.10144444444444711","-0.10144444444444711"
"4000","0.8586761904761901","0.8586761904761901","0.8586761904761901","0.5974880952380947","0.5974880952380947","0.5974880952380947","0.8975555555555553","0.8975555555555553","0.8975555555555553","0.5279825396825399","0.5279825396825399","0.5279825396825399","0.1341111111111066","0.1341111111111066","0.1341111111111066"
"5000","0.8558730158730157","0.8558730158730157","0.8558730158730157","0.5676666666666655","0.5676666666666655","0.5676666666666655","0.8319547619047616","0.8319547619047616","0.8319547619047616","0.7519015873015885","0.7519015873015885","0.7519015873015885","-0.187666666666665","-0.187666666666665","-0.187666666666665"
"6000","0.8356960317460318","0.8356960317460318","0.8356960317460318","0.7186960317460326","0.7186960317460326","0.7186960317460326","0.9005468253968254","0.9005468253968254","0.9005468253968254","0.826807936507937","0.826807936507937","0.826807936507937","-0.14055555555555732","-0.14055555555555732","-0.14055555555555732"
"7000","0.8556642857142852","0.8556642857142852","0.8556642857142852","0.6713357142857131","0.6713357142857131","0.6713357142857131","0.8643785714285712","0.8643785714285712","0.8643785714285712","0.8370460317460314","0.8370460317460314","0.8370460317460314","-0.23122222222222225","-0.23122222222222225","-0.23122222222222225"
"8000","0.8394611111111111","0.8394611111111111","0.8394611111111111","0.743111111111111","0.743111111111111","0.743111111111111","1","1","1","0.8337404761904762","0.8337404761904762","0.8337404761904762","-0.22755555555555362","-0.22755555555555362","-0.22755555555555362"
"9000","0.8457841269841265","0.8457841269841265","0.8457841269841265","0.7979047619047617","0.7979047619047617","0.7979047619047617","0.9856119047619049","0.9856119047619049","0.9856119047619049","0.8366468253968252","0.8366468253968252","0.8366468253968252","-0.25522222222222146","-0.25522222222222146","-0.25522222222222146"
"10000","0.832797619047619","0.832797619047619","0.832797619047619","0.7694999999999997","0.7694999999999997","0.7694999999999997","0.9069944444444445","0.9069944444444445","0.9069944444444445","0.839413492063492","0.839413492063492","0.839413492063492","-0.2602222222222196","-0.2602222222222196","-0.2602222222222196"
"11000","0.8270761904761901","0.8270761904761901","0.8270761904761901","0.7177253968253968","0.7177253968253968","0.7177253968253968","0.9197658730158729","0.9197658730158729","0.9197658730158729","0.8540238095238093","0.8540238095238093","0.8540238095238093","-0.30277777777777376","-0.30277777777777376","-0.30277777777777376"
"12000","0.8436349206349203","0.8436349206349203","0.8436349206349203","0.8618222222222223","0.8618222222222223","0.8618222222222223","0.9806396825396826","0.9806396825396826","0.9806396825396826","0.8365396825396827","0.8365396825396827","0.8365396825396827","-0.2954444444444406","-0.2954444444444406","-0.2954444444444406"
"13000","0.8397357142857143","0.8397357142857143","0.8397357142857143","0.8443809523809525","0.8443809523809525","0.8443809523809525","0.9166412698412697","0.9166412698412697","0.9166412698412697","0.8377595238095236","0.8377595238095236","0.8377595238095236","-0.09322222222222991","-0.09322222222222991","-0.09322222222222991"
"14000","0.8521325396825397","0.8521325396825397","0.8521325396825397","0.8581047619047619","0.8581047619047619","0.8581047619047619","0.8373912698412694","0.8373912698412694","0.8373912698412694","0.7970055555555555","0.7970055555555555","0.7970055555555555","0.6821111111111128","0.6821111111111128","0.6821111111111128"
"15000","0.8599238095238096","0.8599238095238096","0.8599238095238096","0.8636134920634919","0.8636134920634919","0.8636134920634919","0.9487920634920634","0.9487920634920634","0.9487920634920634","0.7774753968253969","0.7774753968253969","0.7774753968253969","0.8604944444444443","0.8604944444444443","0.8604944444444443"
"16000","0.8380126984126983","0.8380126984126983","0.8380126984126983","0.8012047619047619","0.8012047619047619","0.8012047619047619","0.9147777777777778","0.9147777777777778","0.9147777777777778","0.7795373015873014","0.7795373015873014","0.7795373015873014","0.8274246031746029","0.8274246031746029","0.8274246031746029"
"17000","0.8328738095238094","0.8328738095238094","0.8328738095238094","0.875513492063492","0.875513492063492","0.875513492063492","0.8767777777777773","0.8767777777777773","0.8767777777777773","0.7408071428571429","0.7408071428571429","0.7408071428571429","0.8361865079365077","0.8361865079365077","0.8361865079365077"
"18000","0.8404103174603171","0.8404103174603171","0.8404103174603171","0.8653952380952383","0.8653952380952383","0.8653952380952383","0.8859999999999997","0.8859999999999997","0.8859999999999997","0.7862730158730151","0.7862730158730151","0.7862730158730151","0.8305119047619044","0.8305119047619044","0.8305119047619044"
"19000","0.8387515873015872","0.8387515873015872","0.8387515873015872","0.8603285714285713","0.8603285714285713","0.8603285714285713","0.8743111111111109","0.8743111111111109","0.8743111111111109","0.7620738095238098","0.7620738095238098","0.7620738095238098","0.8354666666666669","0.8354666666666669","0.8354666666666669"
"20000","0.832276984126984","0.832276984126984","0.832276984126984","0.88030873015873","0.88030873015873","0.88030873015873","0.8367388888888888","0.8367388888888888","0.8367388888888888","0.7676166666666667","0.7676166666666667","0.7676166666666667","0.8347730158730159","0.8347730158730159","0.8347730158730159"
"21000","0.8375134920634922","0.8375134920634922","0.8375134920634922","0.8758523809523806","0.8758523809523806","0.8758523809523806","0.8407246031746032","0.8407246031746032","0.8407246031746032","0.7951563492063491","0.7951563492063491","0.7951563492063491","0.8316579365079367","0.8316579365079367","0.8316579365079367"
"22000","0.8370126984126981","0.8370126984126981","0.8370126984126981","0.9057238095238092","0.9057238095238092","0.9057238095238092","0.8720650793650794","0.8720650793650794","0.8720650793650794","0.8280706349206345","0.8280706349206345","0.8280706349206345","0.8399698412698414","0.8399698412698414","0.8399698412698414"
"23000","0.8381214285714285","0.8381214285714285","0.8381214285714285","0.8769936507936507","0.8769936507936507","0.8769936507936507","1","1","1","0.8252388888888889","0.8252388888888889","0.8252388888888889","0.8374373015873015","0.8374373015873015","0.8374373015873015"
"24000","0.8368261904761902","0.8368261904761902","0.8368261904761902","0.8666936507936506","0.8666936507936506","0.8666936507936506","1","1","1","0.8367746031746032","0.8367746031746032","0.8367746031746032","0.8311595238095236","0.8311595238095236","0.8311595238095236"
"25000","0.8420111111111109","0.8420111111111109","0.8420111111111109","0.8599888888888887","0.8599888888888887","0.8599888888888887","1","1","1","0.8380484126984127","0.8380484126984127","0.8380484126984127","0.8431880952380952","0.8431880952380952","0.8431880952380952"
"26000","0.8316801587301591","0.8316801587301591","0.8316801587301591","0.8464452380952381","0.8464452380952381","0.8464452380952381","1","1","1","0.8323785714285715","0.8323785714285715","0.8323785714285715","0.9321992063492062","0.9321992063492062","0.9321992063492062"
"27000","0.8333698412698408","0.8333698412698408","0.8333698412698408","0.8881103174603172","0.8881103174603172","0.8881103174603172","1","1","1","0.8330960317460319","0.8330960317460319","0.8330960317460319","0.9544444444444445","0.9544444444444445","0.9544444444444445"
"28000","0.83589126984127","0.83589126984127","0.83589126984127","0.8911753968253966","0.8911753968253966","0.8911753968253966","1","1","1","0.8410690476190477","0.8410690476190477","0.8410690476190477","0.8258888888888881","0.8258888888888881","0.8258888888888881"
"29000","0.8319063492063492","0.8319063492063492","0.8319063492063492","0.8397809523809523","0.8397809523809523","0.8397809523809523","0.9630000000000001","0.9630000000000001","0.9630000000000001","0.830677777777778","0.830677777777778","0.830677777777778","0.7816666666666657","0.7816666666666657","0.7816666666666657"
"30000","0.8319444444444444","0.8319444444444444","0.8319444444444444","0.8752571428571426","0.8752571428571426","0.8752571428571426","0.9675555555555555","0.9675555555555555","0.9675555555555555","0.8373865079365079","0.8373865079365079","0.8373865079365079","0.7639999999999992","0.7639999999999992","0.7639999999999992"
"31000","0.8362928571428572","0.8362928571428572","0.8362928571428572","0.8859833333333333","0.8859833333333333","0.8859833333333333","0.9892222222222222","0.9892222222222222","0.9892222222222222","0.8302373015873017","0.8302373015873017","0.8302373015873017","0.7399999999999998","0.7399999999999998","0.7399999999999998"
"32000","0.82639126984127","0.82639126984127","0.82639126984127","0.8791642857142856","0.8791642857142856","0.8791642857142856","1","1","1","0.834353174603175","0.834353174603175","0.834353174603175","0.7404444444444442","0.7404444444444442","0.7404444444444442"
"33000","0.8364547619047619","0.8364547619047619","0.8364547619047619","0.8728801587301585","0.8728801587301585","0.8728801587301585","0.9572428571428572","0.9572428571428572","0.9572428571428572","0.8390746031746029","0.8390746031746029","0.8390746031746029","0.7221111111111105","0.7221111111111105","0.7221111111111105"
"34000","0.8414198412698413","0.8414198412698413","0.8414198412698413","0.8938777777777777","0.8938777777777777","0.8938777777777777","0.8891444444444445","0.8891444444444445","0.8891444444444445","0.8418380952380952","0.8418380952380952","0.8418380952380952","0.7299999999999998","0.7299999999999998","0.7299999999999998"
"35000","0.8404055555555556","0.8404055555555556","0.8404055555555556","0.8821722222222221","0.8821722222222221","0.8821722222222221","1","1","1","0.836209523809524","0.836209523809524","0.836209523809524","0.7471111111111104","0.7471111111111104","0.7471111111111104"
"36000","0.8368936507936504","0.8368936507936504","0.8368936507936504","0.8540214285714287","0.8540214285714287","0.8540214285714287","1","1","1","0.8387944444444443","0.8387944444444443","0.8387944444444443","0.7662222222222216","0.7662222222222216","0.7662222222222216"
"37000","0.833671428571429","0.833671428571429","0.833671428571429","0.8758095238095238","0.8758095238095238","0.8758095238095238","1","1","1","0.8271142857142855","0.8271142857142855","0.8271142857142855","0.7901111111111099","0.7901111111111099","0.7901111111111099"
"38000","0.8348365079365077","0.8348365079365077","0.8348365079365077","0.8664285714285714","0.8664285714285714","0.8664285714285714","1","1","1","0.8350682539682541","0.8350682539682541","0.8350682539682541","0.808999999999999","0.808999999999999","0.808999999999999"
"39000","0.8340000000000002","0.8340000000000002","0.8340000000000002","0.892970634920635","0.892970634920635","0.892970634920635","0.9176198412698411","0.9176198412698411","0.9176198412698411","0.8374706349206347","0.8374706349206347","0.8374706349206347","0.8165555555555545","0.8165555555555545","0.8165555555555545"
"40000","0.8324698412698412","0.8324698412698412","0.8324698412698412","0.9680603174603175","0.9680603174603175","0.9680603174603175","0.9767261904761906","0.9767261904761906","0.9767261904761906","0.8398507936507934","0.8398507936507934","0.8398507936507934","0.8407777777777767","0.8407777777777767","0.8407777777777767"
"41000","0.8324253968253968","0.8324253968253968","0.8324253968253968","0.9275039682539682","0.9275039682539682","0.9275039682539682","0.9556666666666668","0.9556666666666668","0.9556666666666668","0.8435166666666665","0.8435166666666665","0.8435166666666665","0.8511111111111104","0.8511111111111104","0.8511111111111104"
"42000","0.8332301587301584","0.8332301587301584","0.8332301587301584","0.8803","0.8803","0.8803","0.9611111111111112","0.9611111111111112","0.9611111111111112","0.8336666666666667","0.8336666666666667","0.8336666666666667","0.8566666666666657","0.8566666666666657","0.8566666666666657"
"43000","0.839511111111111","0.839511111111111","0.839511111111111","0.9056333333333332","0.9056333333333332","0.9056333333333332","0.9897777777777778","0.9897777777777778","0.9897777777777778","0.8386634920634917","0.8386634920634917","0.8386634920634917","0.8715555555555548","0.8715555555555548","0.8715555555555548"
"44000","0.8394880952380953","0.8394880952380953","0.8394880952380953","0.8972833333333333","0.8972833333333333","0.8972833333333333","0.9965658730158731","0.9965658730158731","0.9965658730158731","0.8386785714285714","0.8386785714285714","0.8386785714285714","0.874666666666666","0.874666666666666","0.874666666666666"
"45000","0.8338880952380953","0.8338880952380953","0.8338880952380953","0.8780198412698411","0.8780198412698411","0.8780198412698411","0.9999595238095238","0.9999595238095238","0.9999595238095238","0.8363015873015874","0.8363015873015874","0.8363015873015874","0.920333333333333","0.920333333333333","0.920333333333333"
"46000","0.8331738095238096","0.8331738095238096","0.8331738095238096","0.920397619047619","0.920397619047619","0.920397619047619","0.937657142857143","0.937657142857143","0.937657142857143","0.8384587301587302","0.8384587301587302","0.8384587301587302","0.9496666666666668","0.9496666666666668","0.9496666666666668"
"47000","0.8323801587301582","0.8323801587301582","0.8323801587301582","0.8934722222222221","0.8934722222222221","0.8934722222222221","0.9528682539682539","0.9528682539682539","0.9528682539682539","0.834207142857143","0.834207142857143","0.834207142857143","0.972111111111111","0.972111111111111","0.972111111111111"
"48000","0.8382873015873012","0.8382873015873012","0.8382873015873012","0.8880126984126986","0.8880126984126986","0.8880126984126986","1","1","1","0.835661111111111","0.835661111111111","0.835661111111111","0.9692222222222222","0.9692222222222222","0.9692222222222222"
"49000","0.8334785714285715","0.8334785714285715","0.8334785714285715","0.8832809523809524","0.8832809523809524","0.8832809523809524","1","1","1","0.8380912698412698","0.8380912698412698","0.8380912698412698","0.9833333333333333","0.9833333333333333","0.9833333333333333"
"50000","0.8332777777777776","0.8332777777777776","0.8332777777777776","0.8704309523809525","0.8704309523809525","0.8704309523809525","1","1","1","0.8290000000000001","0.8290000000000001","0.8290000000000001","0.9851111111111112","0.9851111111111112","0.9851111111111112"
"51000","0.8379246031746032","0.8379246031746032","0.8379246031746032","0.8638761904761905","0.8638761904761905","0.8638761904761905","1","1","1","0.8297992063492063","0.8297992063492063","0.8297992063492063","0.9146174603174603","0.9146174603174603","0.9146174603174603"
"52000","0.829036507936508","0.829036507936508","0.829036507936508","0.8746531746031745","0.8746531746031745","0.8746531746031745","1","1","1","0.8353476190476192","0.8353476190476192","0.8353476190476192","0.8463801587301586","0.8463801587301586","0.8463801587301586"
"53000","0.8329785714285713","0.8329785714285713","0.8329785714285713","0.850461111111111","0.850461111111111","0.850461111111111","0.953","0.953","0.953","0.8344087301587301","0.8344087301587301","0.8344087301587301","0.9032214285714285","0.9032214285714285","0.9032214285714285"
"54000","0.8397666666666663","0.8397666666666663","0.8397666666666663","0.9963238095238095","0.9963238095238095","0.9963238095238095","1","1","1","0.8322896825396826","0.8322896825396826","0.8322896825396826","0.9351809523809523","0.9351809523809523","0.9351809523809523"
"55000","0.8309055555555555","0.8309055555555555","0.8309055555555555","1","1","1","1","1","1","0.8355865079365085","0.8355865079365085","0.8355865079365085","0.8914801587301586","0.8914801587301586","0.8914801587301586"
"56000","0.8316904761904762","0.8316904761904762","0.8316904761904762","1","1","1","0.985","0.985","0.985","0.8305563492063491","0.8305563492063491","0.8305563492063491","1","1","1"
"57000","0.8306595238095239","0.8306595238095239","0.8306595238095239","1","1","1","0.9988888888888889","0.9988888888888889","0.9988888888888889","0.8322134920634923","0.8322134920634923","0.8322134920634923","0.9931111111111112","0.9931111111111112","0.9931111111111112"
"58000","0.8293896825396826","0.8293896825396826","0.8293896825396826","1","1","1","1","1","1","0.839523015873016","0.839523015873016","0.839523015873016","1","1","1"
"59000","0.8328365079365082","0.8328365079365082","0.8328365079365082","1","1","1","1","1","1","0.836738888888889","0.836738888888889","0.836738888888889","0.9932579365079365","0.9932579365079365","0.9932579365079365"
"60000","0.8367015873015873","0.8367015873015873","0.8367015873015873","0.9978619047619048","0.9978619047619048","0.9978619047619048","1","1","1","0.8388150793650795","0.8388150793650795","0.8388150793650795","0.9590301587301587","0.9590301587301587","0.9590301587301587"
"61000","0.8381769841269842","0.8381769841269842","0.8381769841269842","0.9987650793650793","0.9987650793650793","0.9987650793650793","1","1","1","0.8352309523809527","0.8352309523809527","0.8352309523809527","0.9993992063492063","0.9993992063492063","0.9993992063492063"
"62000","0.8310500000000003","0.8310500000000003","0.8310500000000003","0.9783047619047619","0.9783047619047619","0.9783047619047619","1","1","1","0.8360166666666667","0.8360166666666667","0.8360166666666667","1","1","1"
"63000","0.8346468253968251","0.8346468253968251","0.8346468253968251","0.8906555555555553","0.8906555555555553","0.8906555555555553","1","1","1","0.8421373015873017","0.8421373015873017","0.8421373015873017","1","1","1"
"64000","0.8325841269841269","0.8325841269841269","0.8325841269841269","0.997995238095238","0.997995238095238","0.997995238095238","1","1","1","0.8293436507936508","0.8293436507936508","0.8293436507936508","1","1","1"
"65000","0.8388261904761907","0.8388261904761907","0.8388261904761907","0.9854476190476191","0.9854476190476191","0.9854476190476191","1","1","1","0.8319587301587298","0.8319587301587298","0.8319587301587298","1","1","1"
"66000","0.8367809523809524","0.8367809523809524","0.8367809523809524","0.9792174603174603","0.9792174603174603","0.9792174603174603","1","1","1","0.8320301587301587","0.8320301587301587","0.8320301587301587","0.9971746031746032","0.9971746031746032","0.9971746031746032"
"67000","0.8306587301587304","0.8306587301587304","0.8306587301587304","0.9206634920634921","0.9206634920634921","0.9206634920634921","1","1","1","0.8385134920634923","0.8385134920634923","0.8385134920634923","0.9961904761904761","0.9961904761904761","0.9961904761904761"
"68000","0.8352984126984129","0.8352984126984129","0.8352984126984129","0.9676626984126985","0.9676626984126985","0.9676626984126985","1","1","1","0.832125396825397","0.832125396825397","0.832125396825397","0.8897277777777778","0.8897277777777778","0.8897277777777778"
"69000","0.8348722222222223","0.8348722222222223","0.8348722222222223","0.9858658730158729","0.9858658730158729","0.9858658730158729","1","1","1","0.835040476190476","0.835040476190476","0.835040476190476","0.8456063492063496","0.8456063492063496","0.8456063492063496"
"70000","0.8322428571428572","0.8322428571428572","0.8322428571428572","0.9678142857142857","0.9678142857142857","0.9678142857142857","1","1","1","0.8357793650793652","0.8357793650793652","0.8357793650793652","0.8498444444444447","0.8498444444444447","0.8498444444444447"
"71000","0.8356246031746033","0.8356246031746033","0.8356246031746033","0.945415873015873","0.945415873015873","0.945415873015873","1","1","1","0.8295658730158728","0.8295658730158728","0.8295658730158728","0.8984674603174604","0.8984674603174604","0.8984674603174604"
"72000","0.8360023809523811","0.8360023809523811","0.8360023809523811","0.9921634920634921","0.9921634920634921","0.9921634920634921","1","1","1","0.8332246031746032","0.8332246031746032","0.8332246031746032","0.9481039682539683","0.9481039682539683","0.9481039682539683"
"73000","0.8258730158730159","0.8258730158730159","0.8258730158730159","0.9518349206349206","0.9518349206349206","0.9518349206349206","1","1","1","0.8283380952380949","0.8283380952380949","0.8283380952380949","0.8681230158730161","0.8681230158730161","0.8681230158730161"
"74000","0.8379039682539682","0.8379039682539682","0.8379039682539682","0.9693873015873016","0.9693873015873016","0.9693873015873016","1","1","1","0.8391809523809525","0.8391809523809525","0.8391809523809525","0.9784587301587302","0.9784587301587302","0.9784587301587302"
"75000","0.840418253968254","0.840418253968254","0.840418253968254","0.9415214285714285","0.9415214285714285","0.9415214285714285","1","1","1","0.8299746031746031","0.8299746031746031","0.8299746031746031","1","1","1"
"76000","0.8371301587301587","0.8371301587301587","0.8371301587301587","0.9774880952380952","0.9774880952380952","0.9774880952380952","1","1","1","0.8296809523809524","0.8296809523809524","0.8296809523809524","1","1","1"
"77000","0.8357373015873016","0.8357373015873016","0.8357373015873016","0.9756634920634921","0.9756634920634921","0.9756634920634921","1","1","1","0.835620634920635","0.835620634920635","0.835620634920635","0.9782436507936508","0.9782436507936508","0.9782436507936508"
"78000","0.8417841269841269","0.8417841269841269","0.8417841269841269","0.9804015873015873","0.9804015873015873","0.9804015873015873","1","1","1","0.8308738095238097","0.8308738095238097","0.8308738095238097","0.8626769841269843","0.8626769841269843","0.8626769841269843"
"79000","0.8299134920634924","0.8299134920634924","0.8299134920634924","0.9698984126984127","0.9698984126984127","0.9698984126984127","1","1","1","0.8375658730158727","0.8375658730158727","0.8375658730158727","0.9448634920634921","0.9448634920634921","0.9448634920634921"
"80000","0.835261111111111","0.835261111111111","0.835261111111111","0.9891960317460318","0.9891960317460318","0.9891960317460318","1","1","1","0.8328976190476188","0.8328976190476188","0.8328976190476188","1","1","1"
"81000","0.8377222222222223","0.8377222222222223","0.8377222222222223","0.9556444444444444","0.9556444444444444","0.9556444444444444","1","1","1","0.8340079365079368","0.8340079365079368","0.8340079365079368","1","1","1"
"82000","0.832704761904762","0.832704761904762","0.832704761904762","0.9564992063492063","0.9564992063492063","0.9564992063492063","1","1","1","0.833009523809524","0.833009523809524","0.833009523809524","1","1","1"
"83000","0.8222103174603175","0.8222103174603175","0.8222103174603175","0.9468079365079366","0.9468079365079366","0.9468079365079366","1","1","1","0.8314039682539683","0.8314039682539683","0.8314039682539683","1","1","1"
"84000","0.8303555555555555","0.8303555555555555","0.8303555555555555","0.9421277777777778","0.9421277777777778","0.9421277777777778","1","1","1","0.838611111111111","0.838611111111111","0.838611111111111","0.9981111111111112","0.9981111111111112","0.9981111111111112"
"85000","0.8357825396825399","0.8357825396825399","0.8357825396825399","0.980704761904762","0.980704761904762","0.980704761904762","1","1","1","0.8332460317460314","0.8332460317460314","0.8332460317460314","0.8987880952380952","0.8987880952380952","0.8987880952380952"
"86000","0.8333380952380954","0.8333380952380954","0.8333380952380954","0.9529087301587301","0.9529087301587301","0.9529087301587301","1","1","1","0.8331388888888889","0.8331388888888889","0.8331388888888889","0.8734031746031746","0.8734031746031746","0.8734031746031746"
"87000","0.8337428571428569","0.8337428571428569","0.8337428571428569","0.9662666666666666","0.9662666666666666","0.9662666666666666","1","1","1","0.8411404761904765","0.8411404761904765","0.8411404761904765","0.95085","0.95085","0.95085"
"88000","0.8375992063492064","0.8375992063492064","0.8375992063492064","0.969134126984127","0.969134126984127","0.969134126984127","1","1","1","0.8354785714285714","0.8354785714285714","0.8354785714285714","0.846123015873016","0.846123015873016","0.846123015873016"
"89000","0.8365833333333331","0.8365833333333331","0.8365833333333331","0.9670960317460318","0.9670960317460318","0.9670960317460318","1","1","1","0.8315785714285713","0.8315785714285713","0.8315785714285713","0.8658317460317462","0.8658317460317462","0.8658317460317462"
"90000","0.8323531746031744","0.8323531746031744","0.8323531746031744","0.9400325396825396","0.9400325396825396","0.9400325396825396","1","1","1","0.8383857142857142","0.8383857142857142","0.8383857142857142","0.8970428571428571","0.8970428571428571","0.8970428571428571"
"91000","0.8309968253968253","0.8309968253968253","0.8309968253968253","0.945188095238095","0.945188095238095","0.945188095238095","1","1","1","0.8376325396825399","0.8376325396825399","0.8376325396825399","0.8476888888888887","0.8476888888888887","0.8476888888888887"
"92000","0.8254261904761897","0.8254261904761897","0.8254261904761897","0.9715119047619047","0.9715119047619047","0.9715119047619047","1","1","1","0.8380325396825399","0.8380325396825399","0.8380325396825399","0.9651722222222222","0.9651722222222222","0.9651722222222222"
"93000","0.8399182539682537","0.8399182539682537","0.8399182539682537","0.9371746031746032","0.9371746031746032","0.9371746031746032","1","1","1","0.8290150793650793","0.8290150793650793","0.8290150793650793","0.8701500000000001","0.8701500000000001","0.8701500000000001"
"94000","0.8327968253968254","0.8327968253968254","0.8327968253968254","0.9648436507936509","0.9648436507936509","0.9648436507936509","1","1","1","0.8301007936507936","0.8301007936507936","0.8301007936507936","0.8326230158730155","0.8326230158730155","0.8326230158730155"
"95000","0.8343563492063489","0.8343563492063489","0.8343563492063489","0.9507150793650794","0.9507150793650794","0.9507150793650794","1","1","1","0.8294079365079364","0.8294079365079364","0.8294079365079364","0.8789420634920634","0.8789420634920634","0.8789420634920634"
"96000","0.840334126984127","0.840334126984127","0.840334126984127","0.9667746031746032","0.9667746031746032","0.9667746031746032","1","1","1","0.834157142857143","0.834157142857143","0.834157142857143","0.8872873015873014","0.8872873015873014","0.8872873015873014"
"97000","0.8375047619047616","0.8375047619047616","0.8375047619047616","0.9480714285714286","0.9480714285714286","0.9480714285714286","1","1","1","0.8362174603174602","0.8362174603174602","0.8362174603174602","0.8872841269841268","0.8872841269841268","0.8872841269841268"
"98000","0.8335936507936508","0.8335936507936508","0.8335936507936508","0.9608277777777778","0.9608277777777778","0.9608277777777778","1","1","1","0.8334619047619048","0.8334619047619048","0.8334619047619048","0.9433174603174602","0.9433174603174602","0.9433174603174602"
"99000","0.8294595238095238","0.8294595238095238","0.8294595238095238","0.9455928571428571","0.9455928571428571","0.9455928571428571","1","1","1","0.8383634920634919","0.8383634920634919","0.8383634920634919","0.9022087301587302","0.9022087301587302","0.9022087301587302"
"100000","0.8391468253968257","0.8391468253968257","0.8391468253968257","0.9479563492063492","0.9479563492063492","0.9479563492063492","1","1","1","0.8298769841269841","0.8298769841269841","0.8298769841269841","0.8550777777777783","0.8550777777777783","0.8550777777777783"
"101000","0.8366769841269841","0.8366769841269841","0.8366769841269841","0.9615785714285714","0.9615785714285714","0.9615785714285714","1","1","1","0.8322539682539682","0.8322539682539682","0.8322539682539682","0.9092698412698413","0.9092698412698413","0.9092698412698413"
"102000","0.8434666666666666","0.8434666666666666","0.8434666666666666","0.9493484126984126","0.9493484126984126","0.9493484126984126","1","1","1","0.8311865079365081","0.8311865079365081","0.8311865079365081","0.8604531746031742","0.8604531746031742","0.8604531746031742"
"103000","0.8327976190476191","0.8327976190476191","0.8327976190476191","0.9570063492063491","0.9570063492063491","0.9570063492063491","1","1","1","0.8363277777777778","0.8363277777777778","0.8363277777777778","0.8448301587301581","0.8448301587301581","0.8448301587301581"
"104000","0.8349690476190478","0.8349690476190478","0.8349690476190478","0.9411738095238095","0.9411738095238095","0.9411738095238095","1","1","1","0.8385055555555556","0.8385055555555556","0.8385055555555556","0.9575214285714285","0.9575214285714285","0.9575214285714285"
"105000","0.8392976190476195","0.8392976190476195","0.8392976190476195","0.9585634920634921","0.9585634920634921","0.9585634920634921","1","1","1","0.8361444444444445","0.8361444444444445","0.8361444444444445","1","1","1"
"106000","0.8297380952380953","0.8297380952380953","0.8297380952380953","0.9526238095238094","0.9526238095238094","0.9526238095238094","1","1","1","0.8323595238095238","0.8323595238095238","0.8323595238095238","0.8844817460317461","0.8844817460317461","0.8844817460317461"
"107000","0.8403563492063492","0.8403563492063492","0.8403563492063492","0.9635253968253967","0.9635253968253967","0.9635253968253967","1","1","1","0.8423190476190472","0.8423190476190472","0.8423190476190472","0.8659992063492064","0.8659992063492064","0.8659992063492064"
"108000","0.8402999999999998","0.8402999999999998","0.8402999999999998","0.954834126984127","0.954834126984127","0.954834126984127","1","1","1","0.8321904761904761","0.8321904761904761","0.8321904761904761","0.8477642857142856","0.8477642857142856","0.8477642857142856"
"109000","0.8331468253968256","0.8331468253968256","0.8331468253968256","0.949515873015873","0.949515873015873","0.949515873015873","1","1","1","0.8356944444444443","0.8356944444444443","0.8356944444444443","0.9726420634920635","0.9726420634920635","0.9726420634920635"
"110000","0.8385238095238094","0.8385238095238094","0.8385238095238094","0.9591182539682539","0.9591182539682539","0.9591182539682539","1","1","1","0.8310452380952379","0.8310452380952379","0.8310452380952379","0.9957531746031746","0.9957531746031746","0.9957531746031746"
"111000","0.834574603174603","0.834574603174603","0.834574603174603","0.9645642857142857","0.9645642857142857","0.9645642857142857","1","1","1","0.8331579365079366","0.8331579365079366","0.8331579365079366","0.9836873015873016","0.9836873015873016","0.9836873015873016"
"112000","0.8408468253968254","0.8408468253968254","0.8408468253968254","0.9465936507936507","0.9465936507936507","0.9465936507936507","1","1","1","0.8417619047619049","0.8417619047619049","0.8417619047619049","0.8505111111111114","0.8505111111111114","0.8505111111111114"
"113000","0.83245873015873","0.83245873015873","0.83245873015873","0.9601174603174603","0.9601174603174603","0.9601174603174603","1","1","1","0.8310126984126985","0.8310126984126985","0.8310126984126985","0.8980944444444444","0.8980944444444444","0.8980944444444444"
"114000","0.8299095238095235","0.8299095238095235","0.8299095238095235","0.9576841269841271","0.9576841269841271","0.9576841269841271","1","1","1","0.8314722222222221","0.8314722222222221","0.8314722222222221","0.8493325396825397","0.8493325396825397","0.8493325396825397"
"115000","0.834965873015873","0.834965873015873","0.834965873015873","0.9669753968253968","0.9669753968253968","0.9669753968253968","1","1","1","0.8383095238095237","0.8383095238095237","0.8383095238095237","0.8934492063492062","0.8934492063492062","0.8934492063492062"
"116000","0.83679126984127","0.83679126984127","0.83679126984127","0.9577190476190475","0.9577190476190475","0.9577190476190475","1","1","1","0.8282642857142857","0.8282642857142857","0.8282642857142857","0.8416412698412696","0.8416412698412696","0.8416412698412696"
"117000","0.8314039682539682","0.8314039682539682","0.8314039682539682","0.9664539682539682","0.9664539682539682","0.9664539682539682","1","1","1","0.8290420634920637","0.8290420634920637","0.8290420634920637","0.8350571428571427","0.8350571428571427","0.8350571428571427"
"118000","0.8334079365079364","0.8334079365079364","0.8334079365079364","0.9555031746031747","0.9555031746031747","0.9555031746031747","1","1","1","0.8382063492063493","0.8382063492063493","0.8382063492063493","0.8730746031746033","0.8730746031746033","0.8730746031746033"
"119000","0.8282904761904759","0.8282904761904759","0.8282904761904759","0.9633119047619048","0.9633119047619048","0.9633119047619048","1","1","1","0.8340333333333334","0.8340333333333334","0.8340333333333334","0.8815087301587302","0.8815087301587302","0.8815087301587302"
"120000","0.8380769841269842","0.8380769841269842","0.8380769841269842","0.9527904761904762","0.9527904761904762","0.9527904761904762","1","1","1","0.8391666666666665","0.8391666666666665","0.8391666666666665","0.875120634920635","0.875120634920635","0.875120634920635"
"121000","0.8406436507936511","0.8406436507936511","0.8406436507936511","0.9619103174603174","0.9619103174603174","0.9619103174603174","1","1","1","0.834105555555555","0.834105555555555","0.834105555555555","0.9469619047619047","0.9469619047619047","0.9469619047619047"
"122000","0.8391341269841269","0.8391341269841269","0.8391341269841269","0.950695238095238","0.950695238095238","0.950695238095238","1","1","1","0.8360944444444444","0.8360944444444444","0.8360944444444444","0.9211349206349208","0.9211349206349208","0.9211349206349208"
"123000","0.8348071428571431","0.8348071428571431","0.8348071428571431","0.9579214285714286","0.9579214285714286","0.9579214285714286","1","1","1","0.8322579365079364","0.8322579365079364","0.8322579365079364","0.865615873015873","0.865615873015873","0.865615873015873"
"124000","0.8326912698412695","0.8326912698412695","0.8326912698412695","0.962874603174603","0.962874603174603","0.962874603174603","1","1","1","0.8320865079365078","0.8320865079365078","0.8320865079365078","0.960384126984127","0.960384126984127","0.960384126984127"
"125000","0.8350746031746031","0.8350746031746031","0.8350746031746031","0.9613444444444443","0.9613444444444443","0.9613444444444443","1","1","1","0.8366476190476194","0.8366476190476194","0.8366476190476194","1","1","1"
"126000","0.832742857142857","0.832742857142857","0.832742857142857","0.9661047619047618","0.9661047619047618","0.9661047619047618","1","1","1","0.8327166666666663","0.8327166666666663","0.8327166666666663","0.9595301587301589","0.9595301587301589","0.9595301587301589"
"127000","0.8345777777777778","0.8345777777777778","0.8345777777777778","0.9630119047619047","0.9630119047619047","0.9630119047619047","1","1","1","0.8341079365079366","0.8341079365079366","0.8341079365079366","0.8613984126984127","0.8613984126984127","0.8613984126984127"
"128000","0.8337857142857141","0.8337857142857141","0.8337857142857141","0.952247619047619","0.952247619047619","0.952247619047619","1","1","1","0.8383079365079366","0.8383079365079366","0.8383079365079366","0.8993190476190476","0.8993190476190476","0.8993190476190476"
"129000","0.8334055555555554","0.8334055555555554","0.8334055555555554","0.9546587301587302","0.9546587301587302","0.9546587301587302","1","1","1","0.835370634920635","0.835370634920635","0.835370634920635","0.8382833333333329","0.8382833333333329","0.8382833333333329"
"130000","0.8335825396825394","0.8335825396825394","0.8335825396825394","0.9504174603174603","0.9504174603174603","0.9504174603174603","1","1","1","0.8364738095238097","0.8364738095238097","0.8364738095238097","0.9179626984126984","0.9179626984126984","0.9179626984126984"
"131000","0.8305682539682538","0.8305682539682538","0.8305682539682538","0.9665238095238096","0.9665238095238096","0.9665238095238096","1","1","1","0.8389412698412696","0.8389412698412696","0.8389412698412696","0.9633277777777778","0.9633277777777778","0.9633277777777778"
"132000","0.8291738095238091","0.8291738095238091","0.8291738095238091","0.9676253968253968","0.9676253968253968","0.9676253968253968","1","1","1","0.8331984126984125","0.8331984126984125","0.8331984126984125","1","1","1"
"133000","0.8355873015873015","0.8355873015873015","0.8355873015873015","0.9563809523809523","0.9563809523809523","0.9563809523809523","1","1","1","0.8338722222222223","0.8338722222222223","0.8338722222222223","1","1","1"
"134000","0.836806349206349","0.836806349206349","0.836806349206349","0.9529603174603174","0.9529603174603174","0.9529603174603174","1","1","1","0.8413500000000002","0.8413500000000002","0.8413500000000002","1","1","1"
"135000","0.8306269841269841","0.8306269841269841","0.8306269841269841","0.9754119047619048","0.9754119047619048","0.9754119047619048","1","1","1","0.8349976190476189","0.8349976190476189","0.8349976190476189","0.8700746031746036","0.8700746031746036","0.8700746031746036"
"136000","0.8373626984126984","0.8373626984126984","0.8373626984126984","0.9534246031746032","0.9534246031746032","0.9534246031746032","1","1","1","0.8372674603174604","0.8372674603174604","0.8372674603174604","0.8499150793650794","0.8499150793650794","0.8499150793650794"
"137000","0.8338444444444445","0.8338444444444445","0.8338444444444445","0.9643396825396826","0.9643396825396826","0.9643396825396826","1","1","1","0.8343166666666667","0.8343166666666667","0.8343166666666667","0.8608428571428575","0.8608428571428575","0.8608428571428575"
"138000","0.8334031746031745","0.8334031746031745","0.8334031746031745","0.9556182539682541","0.9556182539682541","0.9556182539682541","1","1","1","0.8397277777777777","0.8397277777777777","0.8397277777777777","0.8985531746031747","0.8985531746031747","0.8985531746031747"
"139000","0.8314571428571429","0.8314571428571429","0.8314571428571429","0.9634579365079364","0.9634579365079364","0.9634579365079364","1","1","1","0.8324476190476191","0.8324476190476191","0.8324476190476191","0.9111674603174602","0.9111674603174602","0.9111674603174602"
"140000","0.8348555555555557","0.8348555555555557","0.8348555555555557","0.9596690476190476","0.9596690476190476","0.9596690476190476","1","1","1","0.8322698412698415","0.8322698412698415","0.8322698412698415","0.9320468253968254","0.9320468253968254","0.9320468253968254"
"141000","0.8359611111111113","0.8359611111111113","0.8359611111111113","0.9712380952380952","0.9712380952380952","0.9712380952380952","1","1","1","0.8334682539682542","0.8334682539682542","0.8334682539682542","1","1","1"
"142000","0.835957142857143","0.835957142857143","0.835957142857143","0.9375904761904762","0.9375904761904762","0.9375904761904762","1","1","1","0.8286968253968253","0.8286968253968253","0.8286968253968253","1","1","1"
"143000","0.8296309523809523","0.8296309523809523","0.8296309523809523","0.9693309523809523","0.9693309523809523","0.9693309523809523","1","1","1","0.8396476190476192","0.8396476190476192","0.8396476190476192","0.9038373015873015","0.9038373015873015","0.9038373015873015"
"144000","0.8274603174603172","0.8274603174603172","0.8274603174603172","0.9403126984126984","0.9403126984126984","0.9403126984126984","1","1","1","0.8433666666666666","0.8433666666666666","0.8433666666666666","0.8497333333333333","0.8497333333333333","0.8497333333333333"
"145000","0.8354095238095238","0.8354095238095238","0.8354095238095238","0.9715880952380953","0.9715880952380953","0.9715880952380953","1","1","1","0.8373428571428573","0.8373428571428573","0.8373428571428573","0.8793309523809525","0.8793309523809525","0.8793309523809525"
"146000","0.8359055555555555","0.8359055555555555","0.8359055555555555","0.9655039682539683","0.9655039682539683","0.9655039682539683","1","1","1","0.8353912698412697","0.8353912698412697","0.8353912698412697","0.86665","0.86665","0.86665"
"147000","0.839900793650794","0.839900793650794","0.839900793650794","0.9570626984126985","0.9570626984126985","0.9570626984126985","1","1","1","0.8300563492063491","0.8300563492063491","0.8300563492063491","0.9635039682539682","0.9635039682539682","0.9635039682539682"
"148000","0.8349626984126987","0.8349626984126987","0.8349626984126987","0.9439404761904763","0.9439404761904763","0.9439404761904763","1","1","1","0.8322841269841269","0.8322841269841269","0.8322841269841269","0.8682928571428571","0.8682928571428571","0.8682928571428571"
"149000","0.8410269841269841","0.8410269841269841","0.8410269841269841","0.9575777777777777","0.9575777777777777","0.9575777777777777","1","1","1","0.827576984126984","0.827576984126984","0.827576984126984","0.8842531746031747","0.8842531746031747","0.8842531746031747"
"150000","0.8366301587301591","0.8366301587301591","0.8366301587301591","0.9421666666666666","0.9421666666666666","0.9421666666666666","1","1","1","0.8319253968253971","0.8319253968253971","0.8319253968253971","0.9374698412698412","0.9374698412698412","0.9374698412698412"
"151000","0.8364015873015872","0.8364015873015872","0.8364015873015872","0.9668523809523809","0.9668523809523809","0.9668523809523809","1","1","1","0.8358269841269839","0.8358269841269839","0.8358269841269839","0.8815468253968254","0.8815468253968254","0.8815468253968254"
"152000","0.8370095238095236","0.8370095238095236","0.8370095238095236","0.9469468253968254","0.9469468253968254","0.9469468253968254","1","1","1","0.8277023809523808","0.8277023809523808","0.8277023809523808","0.8457603174603171","0.8457603174603171","0.8457603174603171"
"153000","0.8325222222222224","0.8325222222222224","0.8325222222222224","0.9533380952380952","0.9533380952380952","0.9533380952380952","1","1","1","0.8319642857142856","0.8319642857142856","0.8319642857142856","0.8553825396825393","0.8553825396825393","0.8553825396825393"
"154000","0.8320761904761905","0.8320761904761905","0.8320761904761905","0.9598626984126984","0.9598626984126984","0.9598626984126984","1","1","1","0.838038095238095","0.838038095238095","0.838038095238095","0.8383166666666664","0.8383166666666664","0.8383166666666664"
"155000","0.8344682539682541","0.8344682539682541","0.8344682539682541","0.9794928571428572","0.9794928571428572","0.9794928571428572","1","1","1","0.8372738095238095","0.8372738095238095","0.8372738095238095","0.949045238095238","0.949045238095238","0.949045238095238"
"156000","0.8338492063492063","0.8338492063492063","0.8338492063492063","0.9598563492063492","0.9598563492063492","0.9598563492063492","1","1","1","0.8364873015873014","0.8364873015873014","0.8364873015873014","0.8711690476190476","0.8711690476190476","0.8711690476190476"
"157000","0.8387452380952379","0.8387452380952379","0.8387452380952379","0.9540674603174603","0.9540674603174603","0.9540674603174603","1","1","1","0.8327071428571428","0.8327071428571428","0.8327071428571428","0.9075222222222222","0.9075222222222222","0.9075222222222222"
"158000","0.8362484126984129","0.8362484126984129","0.8362484126984129","0.9563444444444443","0.9563444444444443","0.9563444444444443","1","1","1","0.839370634920635","0.839370634920635","0.839370634920635","1","1","1"
"159000","0.8339658730158731","0.8339658730158731","0.8339658730158731","0.9621825396825395","0.9621825396825395","0.9621825396825395","1","1","1","0.8384190476190474","0.8384190476190474","0.8384190476190474","0.9982968253968253","0.9982968253968253","0.9982968253968253"
"160000","0.8319055555555555","0.8319055555555555","0.8319055555555555","0.9551920634920634","0.9551920634920634","0.9551920634920634","1","1","1","0.8350507936507935","0.8350507936507935","0.8350507936507935","0.9236658730158731","0.9236658730158731","0.9236658730158731"
"161000","0.8359674603174603","0.8359674603174603","0.8359674603174603","0.9501539682539683","0.9501539682539683","0.9501539682539683","1","1","1","0.82715","0.82715","0.82715","0.8816714285714283","0.8816714285714283","0.8816714285714283"
"162000","0.8377928571428573","0.8377928571428573","0.8377928571428573","0.9557174603174603","0.9557174603174603","0.9557174603174603","1","1","1","0.8288531746031745","0.8288531746031745","0.8288531746031745","0.9332904761904763","0.9332904761904763","0.9332904761904763"
"163000","0.8400142857142857","0.8400142857142857","0.8400142857142857","0.95505873015873","0.95505873015873","0.95505873015873","1","1","1","0.8311293650793652","0.8311293650793652","0.8311293650793652","0.9498126984126984","0.9498126984126984","0.9498126984126984"
"164000","0.8382936507936508","0.8382936507936508","0.8382936507936508","0.964220634920635","0.964220634920635","0.964220634920635","1","1","1","0.8393301587301589","0.8393301587301589","0.8393301587301589","0.8393912698412695","0.8393912698412695","0.8393912698412695"
"165000","0.837969047619048","0.837969047619048","0.837969047619048","0.9672515873015872","0.9672515873015872","0.9672515873015872","1","1","1","0.8325857142857143","0.8325857142857143","0.8325857142857143","0.8365404761904759","0.8365404761904759","0.8365404761904759"
"166000","0.8364142857142856","0.8364142857142856","0.8364142857142856","0.9447063492063491","0.9447063492063491","0.9447063492063491","1","1","1","0.8316507936507936","0.8316507936507936","0.8316507936507936","0.8429730158730159","0.8429730158730159","0.8429730158730159"
"167000","0.8305238095238097","0.8305238095238097","0.8305238095238097","0.9578126984126983","0.9578126984126983","0.9578126984126983","1","1","1","0.8420912698412699","0.8420912698412699","0.8420912698412699","0.8480698412698411","0.8480698412698411","0.8480698412698411"
"168000","0.8338523809523809","0.8338523809523809","0.8338523809523809","0.9504444444444444","0.9504444444444444","0.9504444444444444","1","1","1","0.8399857142857146","0.8399857142857146","0.8399857142857146","0.8498968253968254","0.8498968253968254","0.8498968253968254"
"169000","0.8333039682539682","0.8333039682539682","0.8333039682539682","0.9313825396825397","0.9313825396825397","0.9313825396825397","1","1","1","0.832003968253968","0.832003968253968","0.832003968253968","0.8788817460317458","0.8788817460317458","0.8788817460317458"
"170000","0.8407912698412698","0.8407912698412698","0.8407912698412698","0.963488888888889","0.963488888888889","0.963488888888889","1","1","1","0.8307484126984127","0.8307484126984127","0.8307484126984127","0.8389595238095237","0.8389595238095237","0.8389595238095237"
"171000","0.8351293650793653","0.8351293650793653","0.8351293650793653","0.9590936507936508","0.9590936507936508","0.9590936507936508","1","1","1","0.8363063492063489","0.8363063492063489","0.8363063492063489","0.8690603174603175","0.8690603174603175","0.8690603174603175"
"172000","0.8301388888888888","0.8301388888888888","0.8301388888888888","0.9576714285714286","0.9576714285714286","0.9576714285714286","1","1","1","0.826029365079365","0.826029365079365","0.826029365079365","0.8824031746031746","0.8824031746031746","0.8824031746031746"
"173000","0.8374190476190476","0.8374190476190476","0.8374190476190476","0.9501507936507936","0.9501507936507936","0.9501507936507936","1","1","1","0.8392896825396831","0.8392896825396831","0.8392896825396831","0.8696055555555557","0.8696055555555557","0.8696055555555557"
"174000","0.8357388888888886","0.8357388888888886","0.8357388888888886","0.9580436507936508","0.9580436507936508","0.9580436507936508","1","1","1","0.8328023809523811","0.8328023809523811","0.8328023809523811","0.8809436507936509","0.8809436507936509","0.8809436507936509"
"175000","0.8376904761904762","0.8376904761904762","0.8376904761904762","0.9551230158730157","0.9551230158730157","0.9551230158730157","1","1","1","0.8381753968253967","0.8381753968253967","0.8381753968253967","0.8629650793650796","0.8629650793650796","0.8629650793650796"
"176000","0.8310650793650793","0.8310650793650793","0.8310650793650793","0.9527206349206349","0.9527206349206349","0.9527206349206349","1","1","1","0.829690476190476","0.829690476190476","0.829690476190476","0.9249103174603174","0.9249103174603174","0.9249103174603174"
"177000","0.8374150793650793","0.8374150793650793","0.8374150793650793","0.9665865079365079","0.9665865079365079","0.9665865079365079","1","1","1","0.8374928571428571","0.8374928571428571","0.8374928571428571","0.8663230158730156","0.8663230158730156","0.8663230158730156"
"178000","0.8393555555555557","0.8393555555555557","0.8393555555555557","0.9653984126984126","0.9653984126984126","0.9653984126984126","1","1","1","0.8390412698412698","0.8390412698412698","0.8390412698412698","0.8853349206349206","0.8853349206349206","0.8853349206349206"
"179000","0.839788888888889","0.839788888888889","0.839788888888889","0.9492484126984128","0.9492484126984128","0.9492484126984128","1","1","1","0.8372849206349208","0.8372849206349208","0.8372849206349208","0.8887452380952383","0.8887452380952383","0.8887452380952383"
"180000","0.8365722222222222","0.8365722222222222","0.8365722222222222","0.9571357142857143","0.9571357142857143","0.9571357142857143","1","1","1","0.8334936507936507","0.8334936507936507","0.8334936507936507","0.8595817460317462","0.8595817460317462","0.8595817460317462"
"181000","0.8271285714285717","0.8271285714285717","0.8271285714285717","0.9525246031746031","0.9525246031746031","0.9525246031746031","1","1","1","0.8282039682539684","0.8282039682539684","0.8282039682539684","0.9980873015873015","0.9980873015873015","0.9980873015873015"
"182000","0.836753968253968","0.836753968253968","0.836753968253968","0.9707349206349206","0.9707349206349206","0.9707349206349206","1","1","1","0.8319753968253969","0.8319753968253969","0.8319753968253969","0.9793984126984127","0.9793984126984127","0.9793984126984127"
"183000","0.8353507936507933","0.8353507936507933","0.8353507936507933","0.9371420634920633","0.9371420634920633","0.9371420634920633","1","1","1","0.8405444444444444","0.8405444444444444","0.8405444444444444","0.8993190476190476","0.8993190476190476","0.8993190476190476"
"184000","0.8333515873015872","0.8333515873015872","0.8333515873015872","0.9580928571428571","0.9580928571428571","0.9580928571428571","1","1","1","0.829135714285714","0.829135714285714","0.829135714285714","0.9375761904761906","0.9375761904761906","0.9375761904761906"
"185000","0.8303468253968254","0.8303468253968254","0.8303468253968254","0.947584126984127","0.947584126984127","0.947584126984127","1","1","1","0.8327150793650795","0.8327150793650795","0.8327150793650795","0.8617658730158727","0.8617658730158727","0.8617658730158727"
"186000","0.8336269841269841","0.8336269841269841","0.8336269841269841","0.963315873015873","0.963315873015873","0.963315873015873","1","1","1","0.8308722222222221","0.8308722222222221","0.8308722222222221","0.8768420634920636","0.8768420634920636","0.8768420634920636"
"187000","0.8356785714285716","0.8356785714285716","0.8356785714285716","0.9631055555555555","0.9631055555555555","0.9631055555555555","1","1","1","0.8317","0.8317","0.8317","0.9823119047619048","0.9823119047619048","0.9823119047619048"
"188000","0.8315166666666668","0.8315166666666668","0.8315166666666668","0.9593888888888888","0.9593888888888888","0.9593888888888888","1","1","1","0.8339523809523809","0.8339523809523809","0.8339523809523809","1","1","1"
"189000","0.8352968253968253","0.8352968253968253","0.8352968253968253","0.9563039682539684","0.9563039682539684","0.9563039682539684","1","1","1","0.8389206349206347","0.8389206349206347","0.8389206349206347","0.9537626984126985","0.9537626984126985","0.9537626984126985"
"190000","0.8325714285714283","0.8325714285714283","0.8325714285714283","0.9668777777777777","0.9668777777777777","0.9668777777777777","1","1","1","0.8323111111111113","0.8323111111111113","0.8323111111111113","0.9540753968253967","0.9540753968253967","0.9540753968253967"
"191000","0.8346261904761904","0.8346261904761904","0.8346261904761904","0.9544515873015873","0.9544515873015873","0.9544515873015873","1","1","1","0.832465873015873","0.832465873015873","0.832465873015873","0.8910984126984128","0.8910984126984128","0.8910984126984128"
"192000","0.8301936507936506","0.8301936507936506","0.8301936507936506","0.9666801587301588","0.9666801587301588","0.9666801587301588","1","1","1","0.8305976190476192","0.8305976190476192","0.8305976190476192","0.8866285714285713","0.8866285714285713","0.8866285714285713"
"193000","0.8385761904761907","0.8385761904761907","0.8385761904761907","0.9514166666666667","0.9514166666666667","0.9514166666666667","1","1","1","0.8344238095238095","0.8344238095238095","0.8344238095238095","0.9293523809523808","0.9293523809523808","0.9293523809523808"
"194000","0.8355746031746031","0.8355746031746031","0.8355746031746031","0.9382849206349205","0.9382849206349205","0.9382849206349205","1","1","1","0.8278015873015873","0.8278015873015873","0.8278015873015873","1","1","1"
"195000","0.8311793650793647","0.8311793650793647","0.8311793650793647","0.9429142857142856","0.9429142857142856","0.9429142857142856","1","1","1","0.8372452380952381","0.8372452380952381","0.8372452380952381","1","1","1"
"196000","0.8220198412698413","0.8220198412698413","0.8220198412698413","0.9575309523809524","0.9575309523809524","0.9575309523809524","1","1","1","0.8329134920634919","0.8329134920634919","0.8329134920634919","0.9131603174603176","0.9131603174603176","0.9131603174603176"
"197000","0.8390769841269842","0.8390769841269842","0.8390769841269842","0.9579293650793651","0.9579293650793651","0.9579293650793651","1","1","1","0.834934126984127","0.834934126984127","0.834934126984127","0.8549722222222222","0.8549722222222222","0.8549722222222222"
"198000","0.8373555555555555","0.8373555555555555","0.8373555555555555","0.9610984126984126","0.9610984126984126","0.9610984126984126","1","1","1","0.8353642857142854","0.8353642857142854","0.8353642857142854","0.8581206349206348","0.8581206349206348","0.8581206349206348"
"199000","0.8309126984126984","0.8309126984126984","0.8309126984126984","0.95480873015873","0.95480873015873","0.95480873015873","1","1","1","0.8347626984126985","0.8347626984126985","0.8347626984126985","0.9647992063492064","0.9647992063492064","0.9647992063492064"
"200000","0.8329111111111113","0.8329111111111113","0.8329111111111113","0.9553095238095238","0.9553095238095238","0.9553095238095238","1","1","1","0.8398166666666668","0.8398166666666668","0.8398166666666668","0.9609666666666667","0.9609666666666667","0.9609666666666667"